subject,subject_type,predicate,object,object_type,source_text
失眠症,疾病,辅助治疗,引导意象和冥想,其他治疗,失眠症@引导意象和冥想指导患者以舒适、宁静的意象替代忧心忡忡的想法。
失眠症,疾病,辅助治疗,以舒适、宁静的意象替代忧心忡忡的想法,其他治疗,失眠症@引导意象和冥想指导患者以舒适、宁静的意象替代忧心忡忡的想法。
小细胞肺癌,疾病,临床表现,咳嗽,症状,小细胞肺癌@可有特征性的咳嗽、呼吸困难、咯血、体重减轻、发热、关节痛、皮肤病变、盗汗，或者无症状。
小细胞肺癌,疾病,临床表现,呼吸困难,症状,小细胞肺癌@可有特征性的咳嗽、呼吸困难、咯血、体重减轻、发热、关节痛、皮肤病变、盗汗，或者无症状。
小细胞肺癌,疾病,临床表现,咯血,症状,小细胞肺癌@可有特征性的咳嗽、呼吸困难、咯血、体重减轻、发热、关节痛、皮肤病变、盗汗，或者无症状。
小细胞肺癌,疾病,临床表现,体重减轻,症状,小细胞肺癌@可有特征性的咳嗽、呼吸困难、咯血、体重减轻、发热、关节痛、皮肤病变、盗汗，或者无症状。
小细胞肺癌,疾病,临床表现,发热,症状,小细胞肺癌@可有特征性的咳嗽、呼吸困难、咯血、体重减轻、发热、关节痛、皮肤病变、盗汗，或者无症状。
小细胞肺癌,疾病,临床表现,关节痛,症状,小细胞肺癌@可有特征性的咳嗽、呼吸困难、咯血、体重减轻、发热、关节痛、皮肤病变、盗汗，或者无症状。
小细胞肺癌,疾病,临床表现,皮肤病变,症状,小细胞肺癌@可有特征性的咳嗽、呼吸困难、咯血、体重减轻、发热、关节痛、皮肤病变、盗汗，或者无症状。
小细胞肺癌,疾病,临床表现,盗汗,症状,小细胞肺癌@可有特征性的咳嗽、呼吸困难、咯血、体重减轻、发热、关节痛、皮肤病变、盗汗，或者无症状。
腺泡型软组织肉瘤,疾病,同义词,alveolar soft part sarcoma,疾病,十二、腺泡型软组织肉瘤 腺泡型软组织肉瘤（alveolar soft part sarcoma）是一临床-病理实体，小儿少见，多见于15岁左右的青少年，女性多于男性。切面呈黄白或灰红色，中央含坏死和出血区，肿瘤周围有较粗的血管。
腺泡型软组织肉瘤,疾病,多发群体,15岁左右的青少年,流行病学,十二、腺泡型软组织肉瘤 腺泡型软组织肉瘤（alveolar soft part sarcoma）是一临床-病理实体，小儿少见，多见于15岁左右的青少年，女性多于男性。切面呈黄白或灰红色，中央含坏死和出血区，肿瘤周围有较粗的血管。
腺泡型软组织肉瘤,疾病,发病性别倾向,女性,流行病学,十二、腺泡型软组织肉瘤 腺泡型软组织肉瘤（alveolar soft part sarcoma）是一临床-病理实体，小儿少见，多见于15岁左右的青少年，女性多于男性。切面呈黄白或灰红色，中央含坏死和出血区，肿瘤周围有较粗的血管。
腺泡型软组织肉瘤,疾病,临床表现,肿瘤周围有较粗的血管,症状,十二、腺泡型软组织肉瘤 腺泡型软组织肉瘤（alveolar soft part sarcoma）是一临床-病理实体，小儿少见，多见于15岁左右的青少年，女性多于男性。切面呈黄白或灰红色，中央含坏死和出血区，肿瘤周围有较粗的血管。
腺泡型软组织肉瘤,疾病,临床表现,切面呈黄白或灰红色，中央含坏死和出血区,症状,十二、腺泡型软组织肉瘤 腺泡型软组织肉瘤（alveolar soft part sarcoma）是一临床-病理实体，小儿少见，多见于15岁左右的青少年，女性多于男性。切面呈黄白或灰红色，中央含坏死和出血区，肿瘤周围有较粗的血管。
乙型肝炎,疾病,多发群体,同性恋,流行病学,乙型肝炎@### 同性恋 与HBV感染性伴侣的性接触是传播的重要途径。
乙型肝炎,疾病,病因,与HBV感染性伴侣的性接触,社会学,乙型肝炎@### 同性恋 与HBV感染性伴侣的性接触是传播的重要途径。
胆管癌,疾病,相关（导致）,感染,疾病,胆管癌@## 病因学 感染，炎症和癌症之间有密切的关联。
胆管癌,疾病,临床表现,炎症,症状,胆管癌@## 病因学 感染，炎症和癌症之间有密切的关联。
癌症,疾病,病理分型,胆管癌,疾病,胆管癌@## 病因学 感染，炎症和癌症之间有密切的关联。
转移性乳腺癌,疾病,实验室检查,肝功能,检查,转移性乳腺癌@### 肝功能检查 (LFT) 检查 结果 检查 所有转移性乳腺癌患者均需记录基础值并定期随访。 转移性乳腺癌@结合全血细胞计数，结果有时可提示癌症是否扩散至了骨或肝脏。
LFT,检查,同义词,肝功能,检查,转移性乳腺癌@### 肝功能检查 (LFT) 检查 结果 检查 所有转移性乳腺癌患者均需记录基础值并定期随访。 转移性乳腺癌@结合全血细胞计数，结果有时可提示癌症是否扩散至了骨或肝脏。
转移性乳腺癌,疾病,实验室检查,全血细胞计数,检查,转移性乳腺癌@### 肝功能检查 (LFT) 检查 结果 检查 所有转移性乳腺癌患者均需记录基础值并定期随访。 转移性乳腺癌@结合全血细胞计数，结果有时可提示癌症是否扩散至了骨或肝脏。
转移性乳腺癌,疾病,转移部位,骨,部位,转移性乳腺癌@### 肝功能检查 (LFT) 检查 结果 检查 所有转移性乳腺癌患者均需记录基础值并定期随访。 转移性乳腺癌@结合全血细胞计数，结果有时可提示癌症是否扩散至了骨或肝脏。
转移性乳腺癌,疾病,转移部位,肝脏,部位,转移性乳腺癌@### 肝功能检查 (LFT) 检查 结果 检查 所有转移性乳腺癌患者均需记录基础值并定期随访。 转移性乳腺癌@结合全血细胞计数，结果有时可提示癌症是否扩散至了骨或肝脏。
转移性乳腺癌,疾病,辅助检查,定期随访,检查,转移性乳腺癌@### 肝功能检查 (LFT) 检查 结果 检查 所有转移性乳腺癌患者均需记录基础值并定期随访。 转移性乳腺癌@结合全血细胞计数，结果有时可提示癌症是否扩散至了骨或肝脏。
急性细菌性痢疾,疾病,多发季节,夏季,流行病学,（三）急性细菌性痢疾 细菌性痢疾夏季发病率高，患儿多有不洁食物史，潜伏期24～72小时。粪便培养可确诊。
急性细菌性痢疾,疾病,病史,不洁食物史,社会学,（三）急性细菌性痢疾 细菌性痢疾夏季发病率高，患儿多有不洁食物史，潜伏期24～72小时。粪便培养可确诊。
急性细菌性痢疾,疾病,实验室检查,粪便培养,检查,（三）急性细菌性痢疾 细菌性痢疾夏季发病率高，患儿多有不洁食物史，潜伏期24～72小时。粪便培养可确诊。
细菌性痢疾,疾病,病理分型,急性细菌性痢疾,疾病,（三）急性细菌性痢疾 细菌性痢疾夏季发病率高，患儿多有不洁食物史，潜伏期24～72小时。粪便培养可确诊。
细菌性脑膜炎,疾病,病因,大肠杆菌,社会学,细菌性脑膜炎@### 确诊感染：大肠杆菌和其他革兰氏阴性肠杆菌 查看全部   首选 –   抗生素靶向治疗 #### 第一选择 [ 庆大霉素 ](/druglink?dd=MARTINDALE) open_in_new : 新生儿：
细菌性脑膜炎,疾病,病因,革兰氏阴性肠杆菌,社会学,细菌性脑膜炎@### 确诊感染：大肠杆菌和其他革兰氏阴性肠杆菌 查看全部   首选 –   抗生素靶向治疗 #### 第一选择 [ 庆大霉素 ](/druglink?dd=MARTINDALE) open_in_new : 新生儿：
细菌性脑膜炎,疾病,药物治疗,抗生素,药物,细菌性脑膜炎@### 确诊感染：大肠杆菌和其他革兰氏阴性肠杆菌 查看全部   首选 –   抗生素靶向治疗 #### 第一选择 [ 庆大霉素 ](/druglink?dd=MARTINDALE) open_in_new : 新生儿：
细菌性脑膜炎,疾病,药物治疗,庆大霉素,药物,细菌性脑膜炎@### 确诊感染：大肠杆菌和其他革兰氏阴性肠杆菌 查看全部   首选 –   抗生素靶向治疗 #### 第一选择 [ 庆大霉素 ](/druglink?dd=MARTINDALE) open_in_new : 新生儿：
中耳炎,疾病,高危因素,较低的社会经济状况,社会学,中耳炎@### 较低的社会经济状况 观察研究发现此危险因素与急性中耳炎发病有关。
中耳炎,疾病,病理分型,急性中耳炎,疾病,中耳炎@### 较低的社会经济状况 观察研究发现此危险因素与急性中耳炎发病有关。
RDS,疾病,高危因素,早产,社会学,"早产 胎龄越小，PS合成及分泌量也越低，RDS的发生率越高。 糖尿病母亲婴儿（infant of diabetic mother, IDM ) 也易发生此病，RDS发生率比正常增加5 ~6倍。"
RDS,疾病,高危因素,胎龄,社会学,"早产 胎龄越小，PS合成及分泌量也越低，RDS的发生率越高。 糖尿病母亲婴儿（infant of diabetic mother, IDM ) 也易发生此病，RDS发生率比正常增加5 ~6倍。"
RDS,疾病,高危因素,PS合成及分泌量,社会学,"早产 胎龄越小，PS合成及分泌量也越低，RDS的发生率越高。 糖尿病母亲婴儿（infant of diabetic mother, IDM ) 也易发生此病，RDS发生率比正常增加5 ~6倍。"
RDS,疾病,多发群体,糖尿病母亲婴儿,流行病学,"早产 胎龄越小，PS合成及分泌量也越低，RDS的发生率越高。 糖尿病母亲婴儿（infant of diabetic mother, IDM ) 也易发生此病，RDS发生率比正常增加5 ~6倍。"
糖尿病母亲婴儿,流行病学,同义词,infant of diabetic mother,流行病学,"早产 胎龄越小，PS合成及分泌量也越低，RDS的发生率越高。 糖尿病母亲婴儿（infant of diabetic mother, IDM ) 也易发生此病，RDS发生率比正常增加5 ~6倍。"
糖尿病母亲婴儿,流行病学,同义词,IDM,流行病学,"早产 胎龄越小，PS合成及分泌量也越低，RDS的发生率越高。 糖尿病母亲婴儿（infant of diabetic mother, IDM ) 也易发生此病，RDS发生率比正常增加5 ~6倍。"
糖尿病母亲婴儿,疾病,发病率,比正常增加5 ~6倍,流行病学,"早产 胎龄越小，PS合成及分泌量也越低，RDS的发生率越高。 糖尿病母亲婴儿（infant of diabetic mother, IDM ) 也易发生此病，RDS发生率比正常增加5 ~6倍。"
重型再障,疾病,同义词,急性再障,疾病,（一）急性再障 （重型再障）的治疗 1.去除病因 对一切可疑的致病因素，均应立即停止接触、应用。 （5）大剂量丙种球蛋白。
急性再障,疾病,药物治疗,大剂量丙种球蛋白,药物,（一）急性再障 （重型再障）的治疗 1.去除病因 对一切可疑的致病因素，均应立即停止接触、应用。 （5）大剂量丙种球蛋白。
骨性关节炎,疾病,药物治疗,他喷他多,药物,骨性关节炎@在III期随机双盲试验中比较了878名有下腰痛或骨性关节炎疼痛（髋或膝）超过90天的患者对他喷他多和羟考酮快速释放的反应。
骨性关节炎,疾病,药物治疗,羟考酮,药物,骨性关节炎@在III期随机双盲试验中比较了878名有下腰痛或骨性关节炎疼痛（髋或膝）超过90天的患者对他喷他多和羟考酮快速释放的反应。
骨性关节炎,疾病,临床表现,下腰痛,症状,骨性关节炎@在III期随机双盲试验中比较了878名有下腰痛或骨性关节炎疼痛（髋或膝）超过90天的患者对他喷他多和羟考酮快速释放的反应。
骨性关节炎,疾病,临床表现,骨性关节炎疼痛,症状,骨性关节炎@在III期随机双盲试验中比较了878名有下腰痛或骨性关节炎疼痛（髋或膝）超过90天的患者对他喷他多和羟考酮快速释放的反应。
骨性关节炎,疾病,发病部位,髋,部位,骨性关节炎@在III期随机双盲试验中比较了878名有下腰痛或骨性关节炎疼痛（髋或膝）超过90天的患者对他喷他多和羟考酮快速释放的反应。
骨性关节炎,疾病,发病部位,膝,部位,骨性关节炎@在III期随机双盲试验中比较了878名有下腰痛或骨性关节炎疼痛（髋或膝）超过90天的患者对他喷他多和羟考酮快速释放的反应。
骨性关节炎,疾病,阶段,III期,其他,骨性关节炎@在III期随机双盲试验中比较了878名有下腰痛或骨性关节炎疼痛（髋或膝）超过90天的患者对他喷他多和羟考酮快速释放的反应。
骨性关节炎,疾病,辅助检查,随机双盲试验,检查,骨性关节炎@在III期随机双盲试验中比较了878名有下腰痛或骨性关节炎疼痛（髋或膝）超过90天的患者对他喷他多和羟考酮快速释放的反应。
儿童偏头痛,疾病,药物治疗,阿米替林,药物,儿童偏头痛@发作逐渐减少可能证明其他药物的作用：可选择的药物有阿米替林、丙戊酸、卡马西平和加巴喷丁，尽管每种药物开始使用都需要主任医生批准并且要严密监测不良反应。
儿童偏头痛,疾病,药物治疗,丙戊酸,药物,儿童偏头痛@发作逐渐减少可能证明其他药物的作用：可选择的药物有阿米替林、丙戊酸、卡马西平和加巴喷丁，尽管每种药物开始使用都需要主任医生批准并且要严密监测不良反应。
儿童偏头痛,疾病,药物治疗,卡马西平,药物,儿童偏头痛@发作逐渐减少可能证明其他药物的作用：可选择的药物有阿米替林、丙戊酸、卡马西平和加巴喷丁，尽管每种药物开始使用都需要主任医生批准并且要严密监测不良反应。
儿童偏头痛,疾病,药物治疗,加巴喷丁,药物,儿童偏头痛@发作逐渐减少可能证明其他药物的作用：可选择的药物有阿米替林、丙戊酸、卡马西平和加巴喷丁，尽管每种药物开始使用都需要主任医生批准并且要严密监测不良反应。
毒蛇咬伤中毒,疾病,药物治疗,亚甲蓝,药物,1%亚甲蓝以每次0. 1～0. 2ml/kg，稀释后缓慢推注，或维生素C以0. 5～1g用葡萄糖20ml稀释后静注；气促者给予吸氧。 19.毒蛇咬伤中毒 伤肢制动，以减慢毒素扩散；肢体伤口的近心端2～3cm处用绳或布条缚扎，每15～30分钟
毒蛇咬伤中毒,疾病,药物治疗,维生素C,药物,1%亚甲蓝以每次0. 1～0. 2ml/kg，稀释后缓慢推注，或维生素C以0. 5～1g用葡萄糖20ml稀释后静注；气促者给予吸氧。 19.毒蛇咬伤中毒 伤肢制动，以减慢毒素扩散；肢体伤口的近心端2～3cm处用绳或布条缚扎，每15～30分钟
毒蛇咬伤中毒,疾病,临床表现,气促,症状,1%亚甲蓝以每次0. 1～0. 2ml/kg，稀释后缓慢推注，或维生素C以0. 5～1g用葡萄糖20ml稀释后静注；气促者给予吸氧。 19.毒蛇咬伤中毒 伤肢制动，以减慢毒素扩散；肢体伤口的近心端2～3cm处用绳或布条缚扎，每15～30分钟
毒蛇咬伤中毒,疾病,辅助治疗,吸氧,其他治疗,1%亚甲蓝以每次0. 1～0. 2ml/kg，稀释后缓慢推注，或维生素C以0. 5～1g用葡萄糖20ml稀释后静注；气促者给予吸氧。 19.毒蛇咬伤中毒 伤肢制动，以减慢毒素扩散；肢体伤口的近心端2～3cm处用绳或布条缚扎，每15～30分钟
毒蛇咬伤中毒,疾病,辅助治疗,伤肢制动,其他治疗,1%亚甲蓝以每次0. 1～0. 2ml/kg，稀释后缓慢推注，或维生素C以0. 5～1g用葡萄糖20ml稀释后静注；气促者给予吸氧。 19.毒蛇咬伤中毒 伤肢制动，以减慢毒素扩散；肢体伤口的近心端2～3cm处用绳或布条缚扎，每15～30分钟
毒蛇咬伤中毒,疾病,辅助治疗,肢体伤口的近心端2～3cm处用绳或布条缚扎，每15～30分钟放松1 ～2分钟,其他治疗,1%亚甲蓝以每次0. 1～0. 2ml/kg，稀释后缓慢推注，或维生素C以0. 5～1g用葡萄糖20ml稀释后静注；气促者给予吸氧。 19.毒蛇咬伤中毒 伤肢制动，以减慢毒素扩散；肢体伤口的近心端2～3cm处用绳或布条缚扎，每15～30分钟
脑炎,疾病,相关（导致）,癫痫,疾病,脑炎@脑炎后 5 年内癫痫的发病率为 10%，20 年内为 20%。
脑炎,疾病,发病率,10%,流行病学,脑炎@脑炎后 5 年内癫痫的发病率为 10%，20 年内为 20%。
脑炎,疾病,发病率,20%,流行病学,脑炎@脑炎后 5 年内癫痫的发病率为 10%，20 年内为 20%。
感染性心内膜炎,疾病,同义词,infective endocarditis,疾病,"感染性心内膜炎（infective endocarditis，IE ) 80%以上由链球菌和葡萄球菌所致,其他尚有真菌、衣原体、立克次体及病毒等。 免疫学征象:肾小球肾炎、Osler结节、Roth斑、类风湿因子阳性。"
感染性心内膜炎,疾病,同义词,IE,疾病,"感染性心内膜炎（infective endocarditis，IE ) 80%以上由链球菌和葡萄球菌所致,其他尚有真菌、衣原体、立克次体及病毒等。 免疫学征象:肾小球肾炎、Osler结节、Roth斑、类风湿因子阳性。"
感染性心内膜炎,疾病,病因,链球菌,社会学,"感染性心内膜炎（infective endocarditis，IE ) 80%以上由链球菌和葡萄球菌所致,其他尚有真菌、衣原体、立克次体及病毒等。 免疫学征象:肾小球肾炎、Osler结节、Roth斑、类风湿因子阳性。"
感染性心内膜炎,疾病,病因,葡萄球菌,社会学,"感染性心内膜炎（infective endocarditis，IE ) 80%以上由链球菌和葡萄球菌所致,其他尚有真菌、衣原体、立克次体及病毒等。 免疫学征象:肾小球肾炎、Osler结节、Roth斑、类风湿因子阳性。"
感染性心内膜炎,疾病,病因,真菌,社会学,"感染性心内膜炎（infective endocarditis，IE ) 80%以上由链球菌和葡萄球菌所致,其他尚有真菌、衣原体、立克次体及病毒等。 免疫学征象:肾小球肾炎、Osler结节、Roth斑、类风湿因子阳性。"
感染性心内膜炎,疾病,病因,衣原体,社会学,"感染性心内膜炎（infective endocarditis，IE ) 80%以上由链球菌和葡萄球菌所致,其他尚有真菌、衣原体、立克次体及病毒等。 免疫学征象:肾小球肾炎、Osler结节、Roth斑、类风湿因子阳性。"
感染性心内膜炎,疾病,病因,立克次体,社会学,"感染性心内膜炎（infective endocarditis，IE ) 80%以上由链球菌和葡萄球菌所致,其他尚有真菌、衣原体、立克次体及病毒等。 免疫学征象:肾小球肾炎、Osler结节、Roth斑、类风湿因子阳性。"
感染性心内膜炎,疾病,病因,病毒,社会学,"感染性心内膜炎（infective endocarditis，IE ) 80%以上由链球菌和葡萄球菌所致,其他尚有真菌、衣原体、立克次体及病毒等。 免疫学征象:肾小球肾炎、Osler结节、Roth斑、类风湿因子阳性。"
感染性心内膜炎,疾病,相关（导致）,肾小球肾炎,疾病,"感染性心内膜炎（infective endocarditis，IE ) 80%以上由链球菌和葡萄球菌所致,其他尚有真菌、衣原体、立克次体及病毒等。 免疫学征象:肾小球肾炎、Osler结节、Roth斑、类风湿因子阳性。"
感染性心内膜炎,疾病,相关（导致）,Osler结节,疾病,"感染性心内膜炎（infective endocarditis，IE ) 80%以上由链球菌和葡萄球菌所致,其他尚有真菌、衣原体、立克次体及病毒等。 免疫学征象:肾小球肾炎、Osler结节、Roth斑、类风湿因子阳性。"
感染性心内膜炎,疾病,临床表现,Roth斑,症状,"感染性心内膜炎（infective endocarditis，IE ) 80%以上由链球菌和葡萄球菌所致,其他尚有真菌、衣原体、立克次体及病毒等。 免疫学征象:肾小球肾炎、Osler结节、Roth斑、类风湿因子阳性。"
感染性心内膜炎,疾病,临床表现,类风湿因子阳性,症状,"感染性心内膜炎（infective endocarditis，IE ) 80%以上由链球菌和葡萄球菌所致,其他尚有真菌、衣原体、立克次体及病毒等。 免疫学征象:肾小球肾炎、Osler结节、Roth斑、类风湿因子阳性。"
HELLP 综合征,疾病,高危因素,白人族裔,社会学,HELLP 综合征@### 病史 关键危险因素包括白人族裔、高龄孕妇、多胎妊娠、肥胖、慢性高血压、糖尿病、自身免疫性疾病、胎盘形成异常（例如葡萄胎妊娠）、既往发生先兆子痫伴有或不伴有 HELLP 综合征的妊娠。
HELLP 综合征,疾病,高危因素,高龄孕妇,社会学,HELLP 综合征@### 病史 关键危险因素包括白人族裔、高龄孕妇、多胎妊娠、肥胖、慢性高血压、糖尿病、自身免疫性疾病、胎盘形成异常（例如葡萄胎妊娠）、既往发生先兆子痫伴有或不伴有 HELLP 综合征的妊娠。
HELLP 综合征,疾病,高危因素,多胎妊娠,社会学,HELLP 综合征@### 病史 关键危险因素包括白人族裔、高龄孕妇、多胎妊娠、肥胖、慢性高血压、糖尿病、自身免疫性疾病、胎盘形成异常（例如葡萄胎妊娠）、既往发生先兆子痫伴有或不伴有 HELLP 综合征的妊娠。
HELLP 综合征,疾病,高危因素,肥胖,社会学,HELLP 综合征@### 病史 关键危险因素包括白人族裔、高龄孕妇、多胎妊娠、肥胖、慢性高血压、糖尿病、自身免疫性疾病、胎盘形成异常（例如葡萄胎妊娠）、既往发生先兆子痫伴有或不伴有 HELLP 综合征的妊娠。
HELLP 综合征,疾病,高危因素,慢性高血压,社会学,HELLP 综合征@### 病史 关键危险因素包括白人族裔、高龄孕妇、多胎妊娠、肥胖、慢性高血压、糖尿病、自身免疫性疾病、胎盘形成异常（例如葡萄胎妊娠）、既往发生先兆子痫伴有或不伴有 HELLP 综合征的妊娠。
HELLP 综合征,疾病,高危因素,糖尿病,社会学,HELLP 综合征@### 病史 关键危险因素包括白人族裔、高龄孕妇、多胎妊娠、肥胖、慢性高血压、糖尿病、自身免疫性疾病、胎盘形成异常（例如葡萄胎妊娠）、既往发生先兆子痫伴有或不伴有 HELLP 综合征的妊娠。
HELLP 综合征,疾病,高危因素,自身免疫性疾病,社会学,HELLP 综合征@### 病史 关键危险因素包括白人族裔、高龄孕妇、多胎妊娠、肥胖、慢性高血压、糖尿病、自身免疫性疾病、胎盘形成异常（例如葡萄胎妊娠）、既往发生先兆子痫伴有或不伴有 HELLP 综合征的妊娠。
HELLP 综合征,疾病,高危因素,胎盘形成异常,社会学,HELLP 综合征@### 病史 关键危险因素包括白人族裔、高龄孕妇、多胎妊娠、肥胖、慢性高血压、糖尿病、自身免疫性疾病、胎盘形成异常（例如葡萄胎妊娠）、既往发生先兆子痫伴有或不伴有 HELLP 综合征的妊娠。
HELLP 综合征,疾病,高危因素,HELLP 综合征的妊娠,社会学,HELLP 综合征@### 病史 关键危险因素包括白人族裔、高龄孕妇、多胎妊娠、肥胖、慢性高血压、糖尿病、自身免疫性疾病、胎盘形成异常（例如葡萄胎妊娠）、既往发生先兆子痫伴有或不伴有 HELLP 综合征的妊娠。
HELLP 综合征,疾病,高危因素,先兆子痫,社会学,HELLP 综合征@### 病史 关键危险因素包括白人族裔、高龄孕妇、多胎妊娠、肥胖、慢性高血压、糖尿病、自身免疫性疾病、胎盘形成异常（例如葡萄胎妊娠）、既往发生先兆子痫伴有或不伴有 HELLP 综合征的妊娠。
胎盘形成异常,疾病,病理分型,葡萄胎妊娠,疾病,HELLP 综合征@### 病史 关键危险因素包括白人族裔、高龄孕妇、多胎妊娠、肥胖、慢性高血压、糖尿病、自身免疫性疾病、胎盘形成异常（例如葡萄胎妊娠）、既往发生先兆子痫伴有或不伴有 HELLP 综合征的妊娠。
溶血性贫血,疾病,同义词,hemolytic anemia,疾病,第六节 溶血性贫血 一、总 论 溶血性贫血（hemolytic anemia）是由多种病因引起红细胞寿命的缩短和过早地破坏，且红细胞的破坏超过了骨髓生血功能的代偿能力而发生循环中红细胞数和血红蛋白含量减少的一种贫血。因此，如轻度溶血时，外周
溶血性贫血,疾病,临床表现,红细胞数和血红蛋白含量减少,症状,第六节 溶血性贫血 一、总 论 溶血性贫血（hemolytic anemia）是由多种病因引起红细胞寿命的缩短和过早地破坏，且红细胞的破坏超过了骨髓生血功能的代偿能力而发生循环中红细胞数和血红蛋白含量减少的一种贫血。因此，如轻度溶血时，外周
溶血性贫血,疾病,临床表现,红细胞寿命的缩短和过早地破坏,症状,第六节 溶血性贫血 一、总 论 溶血性贫血（hemolytic anemia）是由多种病因引起红细胞寿命的缩短和过早地破坏，且红细胞的破坏超过了骨髓生血功能的代偿能力而发生循环中红细胞数和血红蛋白含量减少的一种贫血。因此，如轻度溶血时，外周
溶血性贫血,疾病,病理分型,轻度溶血,疾病,第六节 溶血性贫血 一、总 论 溶血性贫血（hemolytic anemia）是由多种病因引起红细胞寿命的缩短和过早地破坏，且红细胞的破坏超过了骨髓生血功能的代偿能力而发生循环中红细胞数和血红蛋白含量减少的一种贫血。因此，如轻度溶血时，外周
贫血,疾病,病理分型,溶血性贫血,疾病,第六节 溶血性贫血 一、总 论 溶血性贫血（hemolytic anemia）是由多种病因引起红细胞寿命的缩短和过早地破坏，且红细胞的破坏超过了骨髓生血功能的代偿能力而发生循环中红细胞数和血红蛋白含量减少的一种贫血。因此，如轻度溶血时，外周
溶血性贫血,疾病,病因,红细胞的破坏超过了骨髓生血功能的代偿能力,社会学,第六节 溶血性贫血 一、总 论 溶血性贫血（hemolytic anemia）是由多种病因引起红细胞寿命的缩短和过早地破坏，且红细胞的破坏超过了骨髓生血功能的代偿能力而发生循环中红细胞数和血红蛋白含量减少的一种贫血。因此，如轻度溶血时，外周
溶血性贫血,疾病,病理生理,红细胞的破坏超过了骨髓造血的代偿能力,社会学,第六节 溶血性贫血 一、总 论 溶血性贫血（hemolytic anemia）是由多种病因引起红细胞寿命的缩短和过早地破坏，且红细胞的破坏超过了骨髓生血功能的代偿能力而发生循环中红细胞数和血红蛋白含量减少的一种贫血。因此，如轻度溶血时，外周
轻度溶血,疾病,病理生理,外周血中的红细胞数能被骨髓造血功能的增加所完全代偿,社会学,第六节 溶血性贫血 一、总 论 溶血性贫血（hemolytic anemia）是由多种病因引起红细胞寿命的缩短和过早地破坏，且红细胞的破坏超过了骨髓生血功能的代偿能力而发生循环中红细胞数和血红蛋白含量减少的一种贫血。因此，如轻度溶血时，外周
急性膀胱炎,疾病,发病率,25%-35%,流行病学,急性膀胱炎@### 泌尿系感染特点 25%-35% 初发泌尿系感染的女性在接下来 3 到 6 个月内会再次感染。
泌尿系感染,疾病,相关（导致）,急性膀胱炎,疾病,急性膀胱炎@### 泌尿系感染特点 25%-35% 初发泌尿系感染的女性在接下来 3 到 6 个月内会再次感染。
急性膀胱炎,疾病,预后状况,初发泌尿系感染的女性在接下来 3 到 6 个月内会再次感染,预后,急性膀胱炎@### 泌尿系感染特点 25%-35% 初发泌尿系感染的女性在接下来 3 到 6 个月内会再次感染。
类癌综合征,疾病,手术治疗,栓塞术,手术治疗,类癌综合征@ 栓塞术使用可以重复，但其有效性随着反复操作而逐渐下降。
疟疾感染,疾病,药物治疗,氯喹,药物,疟疾感染@应当使用氯喹（首选）或羟氯喹治疗感染，共 3 次给药。
疟疾感染,疾病,药物治疗,羟氯喹,药物,疟疾感染@应当使用氯喹（首选）或羟氯喹治疗感染，共 3 次给药。
川崎病,疾病,药物治疗,IVIG,药物,部分患儿对IVIG输注后无效，可重复使用1次，或选择使用糖皮质激素。 【预后】 川崎病为自限性疾病，多数预后良好。
川崎病,疾病,药物治疗,糖皮质激素,药物,部分患儿对IVIG输注后无效，可重复使用1次，或选择使用糖皮质激素。 【预后】 川崎病为自限性疾病，多数预后良好。
川崎病,疾病,预后状况,良好,预后,部分患儿对IVIG输注后无效，可重复使用1次，或选择使用糖皮质激素。 【预后】 川崎病为自限性疾病，多数预后良好。
急性髓性白血病,疾病,临床表现,血清钙、钾、磷、尿酸和乳酸水平可能升高,症状,急性髓性白血病@结果 可能正常；血清钙、钾、磷、尿酸和乳酸水平可能升高；血清钙可能降低 ### 肾功能 检查 结果 检查 是一项基线检查，并在整个治疗过程中持续监测。
急性髓性白血病,疾病,临床表现,血清钙可能降低,症状,急性髓性白血病@结果 可能正常；血清钙、钾、磷、尿酸和乳酸水平可能升高；血清钙可能降低 ### 肾功能 检查 结果 检查 是一项基线检查，并在整个治疗过程中持续监测。
急性髓性白血病,疾病,实验室检查,肾功能,检查,急性髓性白血病@结果 可能正常；血清钙、钾、磷、尿酸和乳酸水平可能升高；血清钙可能降低 ### 肾功能 检查 结果 检查 是一项基线检查，并在整个治疗过程中持续监测。
急性髓性白血病,疾病,辅助检查,基线检查,检查,急性髓性白血病@结果 可能正常；血清钙、钾、磷、尿酸和乳酸水平可能升高；血清钙可能降低 ### 肾功能 检查 结果 检查 是一项基线检查，并在整个治疗过程中持续监测。
慢性淋巴细胞白血病,疾病,同义词,CLL,疾病,慢性淋巴细胞白血病@检查 套细胞淋巴瘤、滤泡性淋巴瘤和淋巴浆细胞性白血病细胞可能模仿 CLL 形态。 慢性淋巴细胞白血病@CLL 细胞在流式细胞术检查中对 CD5 和 CD19 呈阳性。
慢性淋巴细胞白血病,疾病,实验室检查,流式细胞术,检查,慢性淋巴细胞白血病@检查 套细胞淋巴瘤、滤泡性淋巴瘤和淋巴浆细胞性白血病细胞可能模仿 CLL 形态。 慢性淋巴细胞白血病@CLL 细胞在流式细胞术检查中对 CD5 和 CD19 呈阳性。
慢性淋巴细胞白血病,疾病,病理分型,套细胞淋巴瘤,疾病,慢性淋巴细胞白血病@检查 套细胞淋巴瘤、滤泡性淋巴瘤和淋巴浆细胞性白血病细胞可能模仿 CLL 形态。 慢性淋巴细胞白血病@CLL 细胞在流式细胞术检查中对 CD5 和 CD19 呈阳性。
慢性淋巴细胞白血病,疾病,病理分型,淋巴浆细胞性白血病,疾病,慢性淋巴细胞白血病@检查 套细胞淋巴瘤、滤泡性淋巴瘤和淋巴浆细胞性白血病细胞可能模仿 CLL 形态。 慢性淋巴细胞白血病@CLL 细胞在流式细胞术检查中对 CD5 和 CD19 呈阳性。
慢性淋巴细胞白血病,疾病,病理分型,滤泡性淋巴瘤,疾病,慢性淋巴细胞白血病@检查 套细胞淋巴瘤、滤泡性淋巴瘤和淋巴浆细胞性白血病细胞可能模仿 CLL 形态。 慢性淋巴细胞白血病@CLL 细胞在流式细胞术检查中对 CD5 和 CD19 呈阳性。
慢性淋巴细胞白血病,疾病,临床表现,CD5 和 CD19 呈阳性,症状,慢性淋巴细胞白血病@检查 套细胞淋巴瘤、滤泡性淋巴瘤和淋巴浆细胞性白血病细胞可能模仿 CLL 形态。 慢性淋巴细胞白血病@CLL 细胞在流式细胞术检查中对 CD5 和 CD19 呈阳性。
军团菌肺炎,疾病,同义词,legionaires disease,疾病,军团菌肺炎（legionaires disease）是一种严重的多系统损害性疾病，主要表现为发热和呼吸道症状。可加用利福平。
军团菌肺炎,疾病,临床表现,发热,症状,军团菌肺炎（legionaires disease）是一种严重的多系统损害性疾病，主要表现为发热和呼吸道症状。可加用利福平。
军团菌肺炎,疾病,临床表现,呼吸道症状,症状,军团菌肺炎（legionaires disease）是一种严重的多系统损害性疾病，主要表现为发热和呼吸道症状。可加用利福平。
军团菌肺炎,疾病,药物治疗,利福平,药物,军团菌肺炎（legionaires disease）是一种严重的多系统损害性疾病，主要表现为发热和呼吸道症状。可加用利福平。
多系统损害性疾病,疾病,病理分型,军团菌肺炎,疾病,军团菌肺炎（legionaires disease）是一种严重的多系统损害性疾病，主要表现为发热和呼吸道症状。可加用利福平。
胃炎,疾病,药物治疗,PPI,药物,胃炎@通常的推荐意见是，根除治疗后，PPI停药7-14天，抗生素和铋剂停药至少28天可以采用尿素呼吸试验检测 _幽门螺杆菌_ 根除效果。
胃炎,疾病,药物治疗,抗生素,药物,胃炎@通常的推荐意见是，根除治疗后，PPI停药7-14天，抗生素和铋剂停药至少28天可以采用尿素呼吸试验检测 _幽门螺杆菌_ 根除效果。
胃炎,疾病,药物治疗,铋剂,药物,胃炎@通常的推荐意见是，根除治疗后，PPI停药7-14天，抗生素和铋剂停药至少28天可以采用尿素呼吸试验检测 _幽门螺杆菌_ 根除效果。
胃炎,疾病,辅助检查,尿素呼吸试验,检查,胃炎@通常的推荐意见是，根除治疗后，PPI停药7-14天，抗生素和铋剂停药至少28天可以采用尿素呼吸试验检测 _幽门螺杆菌_ 根除效果。
胃炎,疾病,病因,幽门螺杆菌,社会学,胃炎@通常的推荐意见是，根除治疗后，PPI停药7-14天，抗生素和铋剂停药至少28天可以采用尿素呼吸试验检测 _幽门螺杆菌_ 根除效果。
慢性胰腺炎,疾病,临床表现,无症状性髓内脂肪坏死,症状,慢性胰腺炎@约5%的胰腺炎患者会出现无症状性髓内脂肪坏死。
胰腺炎,疾病,病理分型,慢性胰腺炎,疾病,慢性胰腺炎@约5%的胰腺炎患者会出现无症状性髓内脂肪坏死。
急性肝功能衰竭,疾病,同义词,acute liver failure,疾病,第五章 急性肝功能衰竭 【概述】 急性肝功能衰竭（acute liver failure，ALF）一般是指原无肝病者在短时间内发生的因肝细胞大量坏死导致合成、解毒、排泄和生物转化等功能发生严重障碍或失代偿，出现以凝血机制障碍和黄疸、肝性脑病
急性肝功能衰竭,疾病,同义词,ALF,疾病,第五章 急性肝功能衰竭 【概述】 急性肝功能衰竭（acute liver failure，ALF）一般是指原无肝病者在短时间内发生的因肝细胞大量坏死导致合成、解毒、排泄和生物转化等功能发生严重障碍或失代偿，出现以凝血机制障碍和黄疸、肝性脑病
急性肝功能衰竭,疾病,相关（症状）,凝血机制障碍,疾病,第五章 急性肝功能衰竭 【概述】 急性肝功能衰竭（acute liver failure，ALF）一般是指原无肝病者在短时间内发生的因肝细胞大量坏死导致合成、解毒、排泄和生物转化等功能发生严重障碍或失代偿，出现以凝血机制障碍和黄疸、肝性脑病
急性肝功能衰竭,疾病,相关（症状）,黄疸,疾病,第五章 急性肝功能衰竭 【概述】 急性肝功能衰竭（acute liver failure，ALF）一般是指原无肝病者在短时间内发生的因肝细胞大量坏死导致合成、解毒、排泄和生物转化等功能发生严重障碍或失代偿，出现以凝血机制障碍和黄疸、肝性脑病
急性肝功能衰竭,疾病,相关（症状）,肝性脑病,疾病,第五章 急性肝功能衰竭 【概述】 急性肝功能衰竭（acute liver failure，ALF）一般是指原无肝病者在短时间内发生的因肝细胞大量坏死导致合成、解毒、排泄和生物转化等功能发生严重障碍或失代偿，出现以凝血机制障碍和黄疸、肝性脑病
急性肝功能衰竭,疾病,发病机制,肝细胞大量坏死导致合成、解毒、排泄和生物转化等功能发生严重障碍或失代偿,社会学,第五章 急性肝功能衰竭 【概述】 急性肝功能衰竭（acute liver failure，ALF）一般是指原无肝病者在短时间内发生的因肝细胞大量坏死导致合成、解毒、排泄和生物转化等功能发生严重障碍或失代偿，出现以凝血机制障碍和黄疸、肝性脑病
急性肝功能衰竭,疾病,临床表现,腹水,症状,第五章 急性肝功能衰竭 【概述】 急性肝功能衰竭（acute liver failure，ALF）一般是指原无肝病者在短时间内发生的因肝细胞大量坏死导致合成、解毒、排泄和生物转化等功能发生严重障碍或失代偿，出现以凝血机制障碍和黄疸、肝性脑病
急性肝功能衰竭,疾病,多发群体,原无肝病者,流行病学,第五章 急性肝功能衰竭 【概述】 急性肝功能衰竭（acute liver failure，ALF）一般是指原无肝病者在短时间内发生的因肝细胞大量坏死导致合成、解毒、排泄和生物转化等功能发生严重障碍或失代偿，出现以凝血机制障碍和黄疸、肝性脑病
失眠症,疾病,高危因素,老年人常见的健康并发症,社会学,失眠症@### 年龄增长 失眠症报告随年龄增加而增加，但它似乎与老年人常见的健康并发症而不是衰老进程相关。
失眠症,疾病,高危因素,年龄增长,社会学,失眠症@### 年龄增长 失眠症报告随年龄增加而增加，但它似乎与老年人常见的健康并发症而不是衰老进程相关。
心肌炎,疾病,辅助检查,Swan－Ganz气囊漂浮导管,检查,心肌炎@应用Swan－Ganz气囊漂浮导管，进行侵袭性血流动力学监测，可辨别发生低血压的病因，并为是否使用这些药物提供信息。
心肌炎,疾病,相关（导致）,低血压,疾病,心肌炎@应用Swan－Ganz气囊漂浮导管，进行侵袭性血流动力学监测，可辨别发生低血压的病因，并为是否使用这些药物提供信息。
低血压,疾病,辅助检查,侵袭性血流动力学监测,检查,心肌炎@应用Swan－Ganz气囊漂浮导管，进行侵袭性血流动力学监测，可辨别发生低血压的病因，并为是否使用这些药物提供信息。
急性淋巴细胞白血病,疾病,组织学检查,骨髓活检,检查,急性淋巴细胞白血病@ 确诊需进行骨髓活检。急性淋巴细胞白血病@骨髓中原始细胞大于25%可明确急性淋巴细胞白血病（ALL）的诊断。
急性淋巴细胞白血病,疾病,临床表现,骨髓中原始细胞大于25%,症状,急性淋巴细胞白血病@ 确诊需进行骨髓活检。急性淋巴细胞白血病@骨髓中原始细胞大于25%可明确急性淋巴细胞白血病（ALL）的诊断。
ALL,疾病,同义词,急性淋巴细胞白血病,疾病,急性淋巴细胞白血病@ 确诊需进行骨髓活检。急性淋巴细胞白血病@骨髓中原始细胞大于25%可明确急性淋巴细胞白血病（ALL）的诊断。
癫痫,疾病,病因,遗传因素,社会学,【病因】 癫痫的病因复杂多样，构成癫痫发作的因素包括遗传因素、脑内致痫性损伤因素以及诱发性因素等，不同的年龄往往有不同的病因范围。原发性癫痫可表现为全身性发作或部分性发作，但全身性癫痫的遗传性因素高于部分性癫痫。
癫痫,疾病,病因,脑内致痫性损伤因素,社会学,【病因】 癫痫的病因复杂多样，构成癫痫发作的因素包括遗传因素、脑内致痫性损伤因素以及诱发性因素等，不同的年龄往往有不同的病因范围。原发性癫痫可表现为全身性发作或部分性发作，但全身性癫痫的遗传性因素高于部分性癫痫。
癫痫,疾病,病因,诱发性因素,社会学,【病因】 癫痫的病因复杂多样，构成癫痫发作的因素包括遗传因素、脑内致痫性损伤因素以及诱发性因素等，不同的年龄往往有不同的病因范围。原发性癫痫可表现为全身性发作或部分性发作，但全身性癫痫的遗传性因素高于部分性癫痫。
癫痫,疾病,病理分型,原发性癫痫,疾病,【病因】 癫痫的病因复杂多样，构成癫痫发作的因素包括遗传因素、脑内致痫性损伤因素以及诱发性因素等，不同的年龄往往有不同的病因范围。原发性癫痫可表现为全身性发作或部分性发作，但全身性癫痫的遗传性因素高于部分性癫痫。
癫痫,疾病,病理分型,全身性癫痫,疾病,【病因】 癫痫的病因复杂多样，构成癫痫发作的因素包括遗传因素、脑内致痫性损伤因素以及诱发性因素等，不同的年龄往往有不同的病因范围。原发性癫痫可表现为全身性发作或部分性发作，但全身性癫痫的遗传性因素高于部分性癫痫。
癫痫,疾病,病理分型,部分性癫痫,疾病,【病因】 癫痫的病因复杂多样，构成癫痫发作的因素包括遗传因素、脑内致痫性损伤因素以及诱发性因素等，不同的年龄往往有不同的病因范围。原发性癫痫可表现为全身性发作或部分性发作，但全身性癫痫的遗传性因素高于部分性癫痫。
原发性癫痫,疾病,临床表现,全身性发作,症状,【病因】 癫痫的病因复杂多样，构成癫痫发作的因素包括遗传因素、脑内致痫性损伤因素以及诱发性因素等，不同的年龄往往有不同的病因范围。原发性癫痫可表现为全身性发作或部分性发作，但全身性癫痫的遗传性因素高于部分性癫痫。
原发性癫痫,疾病,临床表现,部分性发作,症状,【病因】 癫痫的病因复杂多样，构成癫痫发作的因素包括遗传因素、脑内致痫性损伤因素以及诱发性因素等，不同的年龄往往有不同的病因范围。原发性癫痫可表现为全身性发作或部分性发作，但全身性癫痫的遗传性因素高于部分性癫痫。
2型糖尿病,疾病,病理分型,1型,疾病,稳定型缺血性心脏疾病@强化血糖控制能降低1型和2型糖尿病患者微血管并发症的发病率，包括视网膜病、肾病和神经病变。
2型糖尿病,疾病,并发症,视网膜病,疾病,稳定型缺血性心脏疾病@强化血糖控制能降低1型和2型糖尿病患者微血管并发症的发病率，包括视网膜病、肾病和神经病变。
2型糖尿病,疾病,并发症,肾病,疾病,稳定型缺血性心脏疾病@强化血糖控制能降低1型和2型糖尿病患者微血管并发症的发病率，包括视网膜病、肾病和神经病变。
2型糖尿病,疾病,并发症,神经病变,疾病,稳定型缺血性心脏疾病@强化血糖控制能降低1型和2型糖尿病患者微血管并发症的发病率，包括视网膜病、肾病和神经病变。
2型糖尿病,疾病,辅助治疗,强化血糖控制,其他治疗,稳定型缺血性心脏疾病@强化血糖控制能降低1型和2型糖尿病患者微血管并发症的发病率，包括视网膜病、肾病和神经病变。
稳定型缺血性心脏疾病,疾病,相关（导致）,2型糖尿病,疾病,稳定型缺血性心脏疾病@强化血糖控制能降低1型和2型糖尿病患者微血管并发症的发病率，包括视网膜病、肾病和神经病变。
唇腭裂,疾病,影像学检查,产前超声,检查,唇腭裂@### 积极的产前超声 在大约妊娠18周时可以通过常规产前超声识别有无唇裂的存在。
唇腭裂,疾病,病理分型,唇裂,疾病,唇腭裂@### 积极的产前超声 在大约妊娠18周时可以通过常规产前超声识别有无唇裂的存在。
白内障,疾病,相关（导致）,黄斑水肿,疾病,白内障@玻璃体的牵拉可以增加白内障术后发生黄斑水肿的风险和/或增加视网膜裂孔或视网膜脱离的风险。
白内障,疾病,相关（导致）,视网膜裂孔,疾病,白内障@玻璃体的牵拉可以增加白内障术后发生黄斑水肿的风险和/或增加视网膜裂孔或视网膜脱离的风险。
白内障,疾病,相关（导致）,视网膜脱离,疾病,白内障@玻璃体的牵拉可以增加白内障术后发生黄斑水肿的风险和/或增加视网膜裂孔或视网膜脱离的风险。
白内障,疾病,高危因素,玻璃体的牵拉,社会学,白内障@玻璃体的牵拉可以增加白内障术后发生黄斑水肿的风险和/或增加视网膜裂孔或视网膜脱离的风险。
白内障,疾病,手术治疗,白内障术,手术治疗,白内障@玻璃体的牵拉可以增加白内障术后发生黄斑水肿的风险和/或增加视网膜裂孔或视网膜脱离的风险。
结核性脑膜炎,疾病,同义词,tuberculous meningitis,疾病,"结核性脑膜炎（tuberculous meningitis)，是小儿结核病中最严重的类型。 常规检查:脑脊液压力增高，外观无色透明或呈毛玻璃样,蛛网膜下腔阻塞时，可呈黄色,静置 12 ~ 24小时后’脑脊液中可有蜘蛛网状薄膜形成，取之涂片进"
小儿结核病,疾病,病理分型,结核性脑膜炎,疾病,"结核性脑膜炎（tuberculous meningitis)，是小儿结核病中最严重的类型。 常规检查:脑脊液压力增高，外观无色透明或呈毛玻璃样,蛛网膜下腔阻塞时，可呈黄色,静置 12 ~ 24小时后’脑脊液中可有蜘蛛网状薄膜形成，取之涂片进"
结核性脑膜炎,疾病,临床表现,脑脊液压力增高,症状,"结核性脑膜炎（tuberculous meningitis)，是小儿结核病中最严重的类型。 常规检查:脑脊液压力增高，外观无色透明或呈毛玻璃样,蛛网膜下腔阻塞时，可呈黄色,静置 12 ~ 24小时后’脑脊液中可有蜘蛛网状薄膜形成，取之涂片进"
结核性脑膜炎,疾病,临床表现,外观无色透明,症状,"结核性脑膜炎（tuberculous meningitis)，是小儿结核病中最严重的类型。 常规检查:脑脊液压力增高，外观无色透明或呈毛玻璃样,蛛网膜下腔阻塞时，可呈黄色,静置 12 ~ 24小时后’脑脊液中可有蜘蛛网状薄膜形成，取之涂片进"
结核性脑膜炎,疾病,临床表现,呈毛玻璃样,症状,"结核性脑膜炎（tuberculous meningitis)，是小儿结核病中最严重的类型。 常规检查:脑脊液压力增高，外观无色透明或呈毛玻璃样,蛛网膜下腔阻塞时，可呈黄色,静置 12 ~ 24小时后’脑脊液中可有蜘蛛网状薄膜形成，取之涂片进"
结核性脑膜炎,疾病,临床表现,蛛网膜下腔阻塞,症状,"结核性脑膜炎（tuberculous meningitis)，是小儿结核病中最严重的类型。 常规检查:脑脊液压力增高，外观无色透明或呈毛玻璃样,蛛网膜下腔阻塞时，可呈黄色,静置 12 ~ 24小时后’脑脊液中可有蜘蛛网状薄膜形成，取之涂片进"
结核性脑膜炎,疾病,临床表现,呈黄色,症状,"结核性脑膜炎（tuberculous meningitis)，是小儿结核病中最严重的类型。 常规检查:脑脊液压力增高，外观无色透明或呈毛玻璃样,蛛网膜下腔阻塞时，可呈黄色,静置 12 ~ 24小时后’脑脊液中可有蜘蛛网状薄膜形成，取之涂片进"
结核性脑膜炎,疾病,临床表现,脑脊液中可有蜘蛛网状薄膜形成,症状,"结核性脑膜炎（tuberculous meningitis)，是小儿结核病中最严重的类型。 常规检查:脑脊液压力增高，外观无色透明或呈毛玻璃样,蛛网膜下腔阻塞时，可呈黄色,静置 12 ~ 24小时后’脑脊液中可有蜘蛛网状薄膜形成，取之涂片进"
结核性脑膜炎,疾病,实验室检查,抗酸染色,检查,"结核性脑膜炎（tuberculous meningitis)，是小儿结核病中最严重的类型。 常规检查:脑脊液压力增高，外观无色透明或呈毛玻璃样,蛛网膜下腔阻塞时，可呈黄色,静置 12 ~ 24小时后’脑脊液中可有蜘蛛网状薄膜形成，取之涂片进"
结核性脑膜炎,疾病,病因,结核分枝杆菌,社会学,"结核性脑膜炎（tuberculous meningitis)，是小儿结核病中最严重的类型。 常规检查:脑脊液压力增高，外观无色透明或呈毛玻璃样,蛛网膜下腔阻塞时，可呈黄色,静置 12 ~ 24小时后’脑脊液中可有蜘蛛网状薄膜形成，取之涂片进"
肥厚型心肌病,疾病,相关（导致）,房颤,疾病,肥厚型心肌病@胺碘酮是最有效的预防房颤复发的药物。
房颤,疾病,预防,胺碘酮,其他,肥厚型心肌病@胺碘酮是最有效的预防房颤复发的药物。
唇腭裂,疾病,并发症,腭瘘,疾病,唇腭裂@助听器通常要在手术后咨询耳鼻喉科和听力学家。唇腭裂@ ### 腭瘘 | 存在差异 | 低 大约 10% 至 20% 颚成形术发生腭瘘。
唇腭裂,疾病,就诊科室,耳鼻喉科,其他,唇腭裂@助听器通常要在手术后咨询耳鼻喉科和听力学家。唇腭裂@ ### 腭瘘 | 存在差异 | 低 大约 10% 至 20% 颚成形术发生腭瘘。
唇腭裂,疾病,手术治疗,颚成形术,手术治疗,唇腭裂@助听器通常要在手术后咨询耳鼻喉科和听力学家。唇腭裂@ ### 腭瘘 | 存在差异 | 低 大约 10% 至 20% 颚成形术发生腭瘘。
冷凝集素病,疾病,相关（转化）,肺炎支原体,疾病,1.冷凝集素病 常继发于肺炎支原体、EB病毒感染或继发于淋巴增生性疾病，产生识别I/i系统寡糖抗原的抗体，通常为IgM，需补体参与。临床上溶血症状较轻，常伴有雷诺症状，可发生肢端坏死、溃疡。
冷凝集素病,疾病,相关（转化）,EB病毒感染,疾病,1.冷凝集素病 常继发于肺炎支原体、EB病毒感染或继发于淋巴增生性疾病，产生识别I/i系统寡糖抗原的抗体，通常为IgM，需补体参与。临床上溶血症状较轻，常伴有雷诺症状，可发生肢端坏死、溃疡。
冷凝集素病,疾病,相关（转化）,淋巴增生性疾病,疾病,1.冷凝集素病 常继发于肺炎支原体、EB病毒感染或继发于淋巴增生性疾病，产生识别I/i系统寡糖抗原的抗体，通常为IgM，需补体参与。临床上溶血症状较轻，常伴有雷诺症状，可发生肢端坏死、溃疡。
冷凝集素病,疾病,相关（导致）,肢端坏死,疾病,1.冷凝集素病 常继发于肺炎支原体、EB病毒感染或继发于淋巴增生性疾病，产生识别I/i系统寡糖抗原的抗体，通常为IgM，需补体参与。临床上溶血症状较轻，常伴有雷诺症状，可发生肢端坏死、溃疡。
冷凝集素病,疾病,相关（导致）,溃疡,疾病,1.冷凝集素病 常继发于肺炎支原体、EB病毒感染或继发于淋巴增生性疾病，产生识别I/i系统寡糖抗原的抗体，通常为IgM，需补体参与。临床上溶血症状较轻，常伴有雷诺症状，可发生肢端坏死、溃疡。
冷凝集素病,疾病,相关（导致）,溶血,疾病,1.冷凝集素病 常继发于肺炎支原体、EB病毒感染或继发于淋巴增生性疾病，产生识别I/i系统寡糖抗原的抗体，通常为IgM，需补体参与。临床上溶血症状较轻，常伴有雷诺症状，可发生肢端坏死、溃疡。
冷凝集素病,疾病,相关（导致）,雷诺,疾病,1.冷凝集素病 常继发于肺炎支原体、EB病毒感染或继发于淋巴增生性疾病，产生识别I/i系统寡糖抗原的抗体，通常为IgM，需补体参与。临床上溶血症状较轻，常伴有雷诺症状，可发生肢端坏死、溃疡。
HLH,疾病,药物治疗,DEX,药物,"凡符合HLH的临床诊断标准，或髙度怀疑HLH而未完全达到诊断标准且病情进展迅速者，应立即开始治疗。 维持治疗:DEX，每2周1次,静脉滴注或口服,10mg/(m2 • d) x3天;VP-16针剂，每2周1 次,每次150mg/m2 ； C"
HLH,疾病,药物治疗,VP-16,药物,"凡符合HLH的临床诊断标准，或髙度怀疑HLH而未完全达到诊断标准且病情进展迅速者，应立即开始治疗。 维持治疗:DEX，每2周1次,静脉滴注或口服,10mg/(m2 • d) x3天;VP-16针剂，每2周1 次,每次150mg/m2 ； C"
HLH,疾病,药物治疗,CsA,药物,"凡符合HLH的临床诊断标准，或髙度怀疑HLH而未完全达到诊断标准且病情进展迅速者，应立即开始治疗。 维持治疗:DEX，每2周1次,静脉滴注或口服,10mg/(m2 • d) x3天;VP-16针剂，每2周1 次,每次150mg/m2 ； C"
前列腺癌,疾病,转移部位,骨,部位,前列腺癌@骨转移的患者，可使用这些药物预防骨相关事件。 前列腺癌@附加 –   外照射 针对经选择患者组部分患者的治疗推荐 姑息性剂量的放疗可用于疼痛的骨转移灶。
前列腺癌,疾病,放射治疗,外照射,其他治疗,前列腺癌@骨转移的患者，可使用这些药物预防骨相关事件。 前列腺癌@附加 –   外照射 针对经选择患者组部分患者的治疗推荐 姑息性剂量的放疗可用于疼痛的骨转移灶。
前列腺癌,疾病,放射治疗,放疗,其他治疗,前列腺癌@骨转移的患者，可使用这些药物预防骨相关事件。 前列腺癌@附加 –   外照射 针对经选择患者组部分患者的治疗推荐 姑息性剂量的放疗可用于疼痛的骨转移灶。
前列腺癌,疾病,临床表现,疼痛,症状,前列腺癌@骨转移的患者，可使用这些药物预防骨相关事件。 前列腺癌@附加 –   外照射 针对经选择患者组部分患者的治疗推荐 姑息性剂量的放疗可用于疼痛的骨转移灶。
UC,疾病,同义词,溃疡性结肠炎,疾病,溃疡性结肠炎@### 关节炎和脊柱炎 UC还可表现为外周关节炎、强直性脊柱炎和不能区别的脊椎关节病。
溃疡性结肠炎,疾病,相关（导致）,关节炎,疾病,溃疡性结肠炎@### 关节炎和脊柱炎 UC还可表现为外周关节炎、强直性脊柱炎和不能区别的脊椎关节病。
溃疡性结肠炎,疾病,相关（导致）,脊柱炎,疾病,溃疡性结肠炎@### 关节炎和脊柱炎 UC还可表现为外周关节炎、强直性脊柱炎和不能区别的脊椎关节病。
溃疡性结肠炎,疾病,相关（导致）,外周关节炎,疾病,溃疡性结肠炎@### 关节炎和脊柱炎 UC还可表现为外周关节炎、强直性脊柱炎和不能区别的脊椎关节病。
溃疡性结肠炎,疾病,相关（导致）,强直性脊柱炎,疾病,溃疡性结肠炎@### 关节炎和脊柱炎 UC还可表现为外周关节炎、强直性脊柱炎和不能区别的脊椎关节病。
溃疡性结肠炎,疾病,相关（导致）,脊椎关节病,疾病,溃疡性结肠炎@### 关节炎和脊柱炎 UC还可表现为外周关节炎、强直性脊柱炎和不能区别的脊椎关节病。
缺血性卒中,疾病,手术治疗,近端球囊引导导管或大口径远端导管联合支架取栓器,手术治疗,缺血性卒中@使用近端球囊引导导管或大口径远端导管联合支架取栓器（而不是单用颈部引导导管）在某些谨慎选择的患者中也可能有帮助。缺血性卒中@另外，如在症状出现 6 小时内使用，使用辅助干预（例如动脉内溶栓）实现可接受的再灌注也可能是合理的。
缺血性卒中,疾病,辅助治疗,辅助干预,其他治疗,缺血性卒中@使用近端球囊引导导管或大口径远端导管联合支架取栓器（而不是单用颈部引导导管）在某些谨慎选择的患者中也可能有帮助。缺血性卒中@另外，如在症状出现 6 小时内使用，使用辅助干预（例如动脉内溶栓）实现可接受的再灌注也可能是合理的。
缺血性卒中,疾病,辅助治疗,动脉内溶栓,其他治疗,缺血性卒中@使用近端球囊引导导管或大口径远端导管联合支架取栓器（而不是单用颈部引导导管）在某些谨慎选择的患者中也可能有帮助。缺血性卒中@另外，如在症状出现 6 小时内使用，使用辅助干预（例如动脉内溶栓）实现可接受的再灌注也可能是合理的。
肝癌,疾病,实验室检查,基础代谢生化检查,检查,肝癌@血小板低提示肝硬化导致的门静脉高压。 肝癌@结果 小细胞性贫血和/或血小板减少症 ### 基础代谢生化检查 (BMP) 检查肝癌-基础代谢生化检查 (BMP)-实验室检查-> 结果 检查 患者可能因容量超负荷或应用利尿剂而导致低钠血症
BMP,检查,同义词,基础代谢生化检查,检查,肝癌@血小板低提示肝硬化导致的门静脉高压。 肝癌@结果 小细胞性贫血和/或血小板减少症 ### 基础代谢生化检查 (BMP) 检查肝癌-基础代谢生化检查 (BMP)-实验室检查-> 结果 检查 患者可能因容量超负荷或应用利尿剂而导致低钠血症
肝癌,疾病,相关（导致）,小细胞性贫血,疾病,肝癌@血小板低提示肝硬化导致的门静脉高压。 肝癌@结果 小细胞性贫血和/或血小板减少症 ### 基础代谢生化检查 (BMP) 检查肝癌-基础代谢生化检查 (BMP)-实验室检查-> 结果 检查 患者可能因容量超负荷或应用利尿剂而导致低钠血症
肝癌,疾病,相关（导致）,血小板减少症,疾病,肝癌@血小板低提示肝硬化导致的门静脉高压。 肝癌@结果 小细胞性贫血和/或血小板减少症 ### 基础代谢生化检查 (BMP) 检查肝癌-基础代谢生化检查 (BMP)-实验室检查-> 结果 检查 患者可能因容量超负荷或应用利尿剂而导致低钠血症
肝癌,疾病,相关（导致）,低钠血症,疾病,肝癌@血小板低提示肝硬化导致的门静脉高压。 肝癌@结果 小细胞性贫血和/或血小板减少症 ### 基础代谢生化检查 (BMP) 检查肝癌-基础代谢生化检查 (BMP)-实验室检查-> 结果 检查 患者可能因容量超负荷或应用利尿剂而导致低钠血症
肝癌,疾病,临床表现,血小板低,症状,肝癌@血小板低提示肝硬化导致的门静脉高压。 肝癌@结果 小细胞性贫血和/或血小板减少症 ### 基础代谢生化检查 (BMP) 检查肝癌-基础代谢生化检查 (BMP)-实验室检查-> 结果 检查 患者可能因容量超负荷或应用利尿剂而导致低钠血症
肝硬化,疾病,相关（导致）,门静脉高压,疾病,肝癌@血小板低提示肝硬化导致的门静脉高压。 肝癌@结果 小细胞性贫血和/或血小板减少症 ### 基础代谢生化检查 (BMP) 检查肝癌-基础代谢生化检查 (BMP)-实验室检查-> 结果 检查 患者可能因容量超负荷或应用利尿剂而导致低钠血症
低钠血症,疾病,病因,容量超负荷,社会学,肝癌@血小板低提示肝硬化导致的门静脉高压。 肝癌@结果 小细胞性贫血和/或血小板减少症 ### 基础代谢生化检查 (BMP) 检查肝癌-基础代谢生化检查 (BMP)-实验室检查-> 结果 检查 患者可能因容量超负荷或应用利尿剂而导致低钠血症
低钠血症,疾病,病因,应用利尿剂,社会学,肝癌@血小板低提示肝硬化导致的门静脉高压。 肝癌@结果 小细胞性贫血和/或血小板减少症 ### 基础代谢生化检查 (BMP) 检查肝癌-基础代谢生化检查 (BMP)-实验室检查-> 结果 检查 患者可能因容量超负荷或应用利尿剂而导致低钠血症
肛门癌,疾病,预后生存率,95%,预后,肛门癌@5 年生存率也相应降低（T1 期为 95%、T2 期为 79%、T3 期为 53%、T4 期为 19%）。
肛门癌,疾病,预后生存率,79%,预后,肛门癌@5 年生存率也相应降低（T1 期为 95%、T2 期为 79%、T3 期为 53%、T4 期为 19%）。
肛门癌,疾病,预后生存率,53%,预后,肛门癌@5 年生存率也相应降低（T1 期为 95%、T2 期为 79%、T3 期为 53%、T4 期为 19%）。
肛门癌,疾病,预后生存率,19%,预后,肛门癌@5 年生存率也相应降低（T1 期为 95%、T2 期为 79%、T3 期为 53%、T4 期为 19%）。
肛门癌,疾病,阶段,T1 期,其他,肛门癌@5 年生存率也相应降低（T1 期为 95%、T2 期为 79%、T3 期为 53%、T4 期为 19%）。
肛门癌,疾病,阶段,T2 期,其他,肛门癌@5 年生存率也相应降低（T1 期为 95%、T2 期为 79%、T3 期为 53%、T4 期为 19%）。
肛门癌,疾病,阶段,T3 期,其他,肛门癌@5 年生存率也相应降低（T1 期为 95%、T2 期为 79%、T3 期为 53%、T4 期为 19%）。
肛门癌,疾病,阶段,T4 期,其他,肛门癌@5 年生存率也相应降低（T1 期为 95%、T2 期为 79%、T3 期为 53%、T4 期为 19%）。
胆囊炎,疾病,鉴别诊断,急性胆管炎,疾病,胆囊炎@## 鉴别诊断 ### 查看全部  ### 急性胆管炎 体征/症状 检查 体征/症状 典型症状为发热寒战、黄疸和腹痛（夏科三联征）。
胆囊炎,疾病,临床表现,发热寒战,症状,胆囊炎@## 鉴别诊断 ### 查看全部  ### 急性胆管炎 体征/症状 检查 体征/症状 典型症状为发热寒战、黄疸和腹痛（夏科三联征）。
胆囊炎,疾病,临床表现,腹痛,症状,胆囊炎@## 鉴别诊断 ### 查看全部  ### 急性胆管炎 体征/症状 检查 体征/症状 典型症状为发热寒战、黄疸和腹痛（夏科三联征）。
黄疸,疾病,相关（导致）,夏科三联征,疾病,胆囊炎@## 鉴别诊断 ### 查看全部  ### 急性胆管炎 体征/症状 检查 体征/症状 典型症状为发热寒战、黄疸和腹痛（夏科三联征）。
胆囊炎,疾病,相关（导致）,黄疸,疾病,胆囊炎@## 鉴别诊断 ### 查看全部  ### 急性胆管炎 体征/症状 检查 体征/症状 典型症状为发热寒战、黄疸和腹痛（夏科三联征）。
川崎病,疾病,鉴别诊断,猩红热,疾病,川崎病@ 【鉴别诊断】 川崎病有许多同其他感染性疾病相似的表现。川崎病@需与其鉴别的有细菌性感染如猩红热，葡萄球菌引起的皮肤症状，中毒性休克，风湿热，洛基山斑疹热和细螺旋体病。
川崎病,疾病,鉴别诊断,中毒性休克,疾病,川崎病@ 【鉴别诊断】 川崎病有许多同其他感染性疾病相似的表现。川崎病@需与其鉴别的有细菌性感染如猩红热，葡萄球菌引起的皮肤症状，中毒性休克，风湿热，洛基山斑疹热和细螺旋体病。
川崎病,疾病,鉴别诊断,风湿热,疾病,川崎病@ 【鉴别诊断】 川崎病有许多同其他感染性疾病相似的表现。川崎病@需与其鉴别的有细菌性感染如猩红热，葡萄球菌引起的皮肤症状，中毒性休克，风湿热，洛基山斑疹热和细螺旋体病。
川崎病,疾病,鉴别诊断,洛基山斑疹热,疾病,川崎病@ 【鉴别诊断】 川崎病有许多同其他感染性疾病相似的表现。川崎病@需与其鉴别的有细菌性感染如猩红热，葡萄球菌引起的皮肤症状，中毒性休克，风湿热，洛基山斑疹热和细螺旋体病。
川崎病,疾病,鉴别诊断,细螺旋体病,疾病,川崎病@ 【鉴别诊断】 川崎病有许多同其他感染性疾病相似的表现。川崎病@需与其鉴别的有细菌性感染如猩红热，葡萄球菌引起的皮肤症状，中毒性休克，风湿热，洛基山斑疹热和细螺旋体病。
川崎病,疾病,鉴别诊断,细菌性感染,疾病,川崎病@ 【鉴别诊断】 川崎病有许多同其他感染性疾病相似的表现。川崎病@需与其鉴别的有细菌性感染如猩红热，葡萄球菌引起的皮肤症状，中毒性休克，风湿热，洛基山斑疹热和细螺旋体病。
心房扑动,疾病,同义词,房扑,疾病,第五节 心房扑动 心房扑动（简称房扑）系由于激动在心房内快速环形运动所产生的一种主动性快速而规则的心律失常。 心房扑动@ 在年长儿，房扑通常发生在有先天性心脏病的基础上。
心房扑动,疾病,病理生理,激动在心房内快速环形运动,社会学,第五节 心房扑动 心房扑动（简称房扑）系由于激动在心房内快速环形运动所产生的一种主动性快速而规则的心律失常。 心房扑动@ 在年长儿，房扑通常发生在有先天性心脏病的基础上。
心律失常,疾病,病理分型,心房扑动,疾病,第五节 心房扑动 心房扑动（简称房扑）系由于激动在心房内快速环形运动所产生的一种主动性快速而规则的心律失常。 心房扑动@ 在年长儿，房扑通常发生在有先天性心脏病的基础上。
先天性心脏病,疾病,相关（导致）,心房扑动,疾病,第五节 心房扑动 心房扑动（简称房扑）系由于激动在心房内快速环形运动所产生的一种主动性快速而规则的心律失常。 心房扑动@ 在年长儿，房扑通常发生在有先天性心脏病的基础上。
妊娠期高血压,疾病,辅助检查,监测血压,检查,妊娠期高血压@妊娠期间，患者需定期监测血压和进行尿液分析以排除子痫前期和妊娠期糖尿病。 妊娠期高血压@轻度高血压可以通过改变生活方式和降压治疗进行处理。
妊娠期高血压,疾病,实验室检查,尿液分析,检查,妊娠期高血压@妊娠期间，患者需定期监测血压和进行尿液分析以排除子痫前期和妊娠期糖尿病。 妊娠期高血压@轻度高血压可以通过改变生活方式和降压治疗进行处理。
妊娠期高血压,疾病,鉴别诊断,子痫前期,疾病,妊娠期高血压@妊娠期间，患者需定期监测血压和进行尿液分析以排除子痫前期和妊娠期糖尿病。 妊娠期高血压@轻度高血压可以通过改变生活方式和降压治疗进行处理。
妊娠期高血压,疾病,并发症,妊娠期糖尿病,疾病,妊娠期高血压@妊娠期间，患者需定期监测血压和进行尿液分析以排除子痫前期和妊娠期糖尿病。 妊娠期高血压@轻度高血压可以通过改变生活方式和降压治疗进行处理。
妊娠期高血压,疾病,辅助治疗,改变生活方式,其他治疗,妊娠期高血压@妊娠期间，患者需定期监测血压和进行尿液分析以排除子痫前期和妊娠期糖尿病。 妊娠期高血压@轻度高血压可以通过改变生活方式和降压治疗进行处理。
妊娠期高血压,疾病,辅助治疗,降压,其他治疗,妊娠期高血压@妊娠期间，患者需定期监测血压和进行尿液分析以排除子痫前期和妊娠期糖尿病。 妊娠期高血压@轻度高血压可以通过改变生活方式和降压治疗进行处理。
妊娠期高血压,疾病,病理分型,轻度高血压,疾病,妊娠期高血压@妊娠期间，患者需定期监测血压和进行尿液分析以排除子痫前期和妊娠期糖尿病。 妊娠期高血压@轻度高血压可以通过改变生活方式和降压治疗进行处理。
先天性巨结肠,疾病,同义词,Hirschsprung’s disease,疾病,第四节 先天性巨结肠 【发病率】 先天性巨结肠（Hirschsprung’s disease，HD）是一种比较常见的小儿消化道畸形，国外统计发病率为1/5000，其中男孩占70%～80%。 （六）结肠结缔组织病 近年来认为结肠结缔组织病是导
先天性巨结肠,疾病,同义词,HD,疾病,第四节 先天性巨结肠 【发病率】 先天性巨结肠（Hirschsprung’s disease，HD）是一种比较常见的小儿消化道畸形，国外统计发病率为1/5000，其中男孩占70%～80%。 （六）结肠结缔组织病 近年来认为结肠结缔组织病是导
先天性巨结肠,疾病,发病率,1/5000,流行病学,第四节 先天性巨结肠 【发病率】 先天性巨结肠（Hirschsprung’s disease，HD）是一种比较常见的小儿消化道畸形，国外统计发病率为1/5000，其中男孩占70%～80%。 （六）结肠结缔组织病 近年来认为结肠结缔组织病是导
先天性巨结肠,疾病,发病性别倾向,男孩,流行病学,第四节 先天性巨结肠 【发病率】 先天性巨结肠（Hirschsprung’s disease，HD）是一种比较常见的小儿消化道畸形，国外统计发病率为1/5000，其中男孩占70%～80%。 （六）结肠结缔组织病 近年来认为结肠结缔组织病是导
先天性巨结肠,疾病,相关（导致）,结肠结缔组织病,疾病,第四节 先天性巨结肠 【发病率】 先天性巨结肠（Hirschsprung’s disease，HD）是一种比较常见的小儿消化道畸形，国外统计发病率为1/5000，其中男孩占70%～80%。 （六）结肠结缔组织病 近年来认为结肠结缔组织病是导
小儿消化道畸形,疾病,病理分型,先天性巨结肠,疾病,第四节 先天性巨结肠 【发病率】 先天性巨结肠（Hirschsprung’s disease，HD）是一种比较常见的小儿消化道畸形，国外统计发病率为1/5000，其中男孩占70%～80%。 （六）结肠结缔组织病 近年来认为结肠结缔组织病是导
结肠结缔组织病,疾病,相关（导致）,神经节细胞异位,疾病,第四节 先天性巨结肠 【发病率】 先天性巨结肠（Hirschsprung’s disease，HD）是一种比较常见的小儿消化道畸形，国外统计发病率为1/5000，其中男孩占70%～80%。 （六）结肠结缔组织病 近年来认为结肠结缔组织病是导
结肠结缔组织病,疾病,相关（导致）,肠道蠕动功能受损,疾病,第四节 先天性巨结肠 【发病率】 先天性巨结肠（Hirschsprung’s disease，HD）是一种比较常见的小儿消化道畸形，国外统计发病率为1/5000，其中男孩占70%～80%。 （六）结肠结缔组织病 近年来认为结肠结缔组织病是导
结肠结缔组织病,疾病,临床表现,肠管肌层的结缔组织完全或部分缺损,症状,第四节 先天性巨结肠 【发病率】 先天性巨结肠（Hirschsprung’s disease，HD）是一种比较常见的小儿消化道畸形，国外统计发病率为1/5000，其中男孩占70%～80%。 （六）结肠结缔组织病 近年来认为结肠结缔组织病是导
帕金森病,疾病,临床表现,运动迟缓,症状,帕金森病@病史将包括提示运动迟缓、强直、静止性震颤和/或姿势不稳的症状。
帕金森病,疾病,临床表现,强直,症状,帕金森病@病史将包括提示运动迟缓、强直、静止性震颤和/或姿势不稳的症状。
帕金森病,疾病,临床表现,静止性震颤,症状,帕金森病@病史将包括提示运动迟缓、强直、静止性震颤和/或姿势不稳的症状。
帕金森病,疾病,临床表现,姿势不稳,症状,帕金森病@病史将包括提示运动迟缓、强直、静止性震颤和/或姿势不稳的症状。
尿感,疾病,病因,各种病原微生物,社会学,【病因和发病机制】 （一）病因 各种病原微生物即为尿感的病因，大肠杆菌占75%～90%，其次为肺炎克雷伯杆菌、变形杆菌、产气杆菌和产碱杆菌，近年来革兰阳性球菌的比例升高，如肠链球菌和葡萄球菌。有器械操作诱发尿感的细菌可为肠道细菌和绿脓杆菌。
尿感,疾病,病因,大肠杆菌,社会学,【病因和发病机制】 （一）病因 各种病原微生物即为尿感的病因，大肠杆菌占75%～90%，其次为肺炎克雷伯杆菌、变形杆菌、产气杆菌和产碱杆菌，近年来革兰阳性球菌的比例升高，如肠链球菌和葡萄球菌。有器械操作诱发尿感的细菌可为肠道细菌和绿脓杆菌。
尿感,疾病,病因,肺炎克雷伯杆菌,社会学,【病因和发病机制】 （一）病因 各种病原微生物即为尿感的病因，大肠杆菌占75%～90%，其次为肺炎克雷伯杆菌、变形杆菌、产气杆菌和产碱杆菌，近年来革兰阳性球菌的比例升高，如肠链球菌和葡萄球菌。有器械操作诱发尿感的细菌可为肠道细菌和绿脓杆菌。
尿感,疾病,病因,变形杆菌,社会学,【病因和发病机制】 （一）病因 各种病原微生物即为尿感的病因，大肠杆菌占75%～90%，其次为肺炎克雷伯杆菌、变形杆菌、产气杆菌和产碱杆菌，近年来革兰阳性球菌的比例升高，如肠链球菌和葡萄球菌。有器械操作诱发尿感的细菌可为肠道细菌和绿脓杆菌。
尿感,疾病,病因,产气杆菌,社会学,【病因和发病机制】 （一）病因 各种病原微生物即为尿感的病因，大肠杆菌占75%～90%，其次为肺炎克雷伯杆菌、变形杆菌、产气杆菌和产碱杆菌，近年来革兰阳性球菌的比例升高，如肠链球菌和葡萄球菌。有器械操作诱发尿感的细菌可为肠道细菌和绿脓杆菌。
尿感,疾病,病因,产碱杆菌,社会学,【病因和发病机制】 （一）病因 各种病原微生物即为尿感的病因，大肠杆菌占75%～90%，其次为肺炎克雷伯杆菌、变形杆菌、产气杆菌和产碱杆菌，近年来革兰阳性球菌的比例升高，如肠链球菌和葡萄球菌。有器械操作诱发尿感的细菌可为肠道细菌和绿脓杆菌。
尿感,疾病,病因,革兰阳性球菌,社会学,【病因和发病机制】 （一）病因 各种病原微生物即为尿感的病因，大肠杆菌占75%～90%，其次为肺炎克雷伯杆菌、变形杆菌、产气杆菌和产碱杆菌，近年来革兰阳性球菌的比例升高，如肠链球菌和葡萄球菌。有器械操作诱发尿感的细菌可为肠道细菌和绿脓杆菌。
尿感,疾病,病因,肠链球菌,社会学,【病因和发病机制】 （一）病因 各种病原微生物即为尿感的病因，大肠杆菌占75%～90%，其次为肺炎克雷伯杆菌、变形杆菌、产气杆菌和产碱杆菌，近年来革兰阳性球菌的比例升高，如肠链球菌和葡萄球菌。有器械操作诱发尿感的细菌可为肠道细菌和绿脓杆菌。
尿感,疾病,病因,葡萄球菌,社会学,【病因和发病机制】 （一）病因 各种病原微生物即为尿感的病因，大肠杆菌占75%～90%，其次为肺炎克雷伯杆菌、变形杆菌、产气杆菌和产碱杆菌，近年来革兰阳性球菌的比例升高，如肠链球菌和葡萄球菌。有器械操作诱发尿感的细菌可为肠道细菌和绿脓杆菌。
尿感,疾病,病因,肠道细菌,社会学,【病因和发病机制】 （一）病因 各种病原微生物即为尿感的病因，大肠杆菌占75%～90%，其次为肺炎克雷伯杆菌、变形杆菌、产气杆菌和产碱杆菌，近年来革兰阳性球菌的比例升高，如肠链球菌和葡萄球菌。有器械操作诱发尿感的细菌可为肠道细菌和绿脓杆菌。
尿感,疾病,病因,绿脓杆菌,社会学,【病因和发病机制】 （一）病因 各种病原微生物即为尿感的病因，大肠杆菌占75%～90%，其次为肺炎克雷伯杆菌、变形杆菌、产气杆菌和产碱杆菌，近年来革兰阳性球菌的比例升高，如肠链球菌和葡萄球菌。有器械操作诱发尿感的细菌可为肠道细菌和绿脓杆菌。
Lowe眼-脑-肾综合征,疾病,鉴别诊断,先天性白内障,疾病,MRI可见两类改变：①T2相或增强扫描可见不规则片状高密影，可能系脑胶质增生或脱髓鞘病变；②T1相及增强扫描低密度改变，提示囊性改变。 【诊断】 根据先天性白内障、青光眼、智能及生长发育障碍，Fanconi综合征的典型表现，确诊Lowe眼-
Lowe眼-脑-肾综合征,疾病,鉴别诊断,青光眼,疾病,MRI可见两类改变：①T2相或增强扫描可见不规则片状高密影，可能系脑胶质增生或脱髓鞘病变；②T1相及增强扫描低密度改变，提示囊性改变。 【诊断】 根据先天性白内障、青光眼、智能及生长发育障碍，Fanconi综合征的典型表现，确诊Lowe眼-
Lowe眼-脑-肾综合征,疾病,鉴别诊断,智能及生长发育障碍,疾病,MRI可见两类改变：①T2相或增强扫描可见不规则片状高密影，可能系脑胶质增生或脱髓鞘病变；②T1相及增强扫描低密度改变，提示囊性改变。 【诊断】 根据先天性白内障、青光眼、智能及生长发育障碍，Fanconi综合征的典型表现，确诊Lowe眼-
Lowe眼-脑-肾综合征,疾病,鉴别诊断,Fanconi综合征,疾病,MRI可见两类改变：①T2相或增强扫描可见不规则片状高密影，可能系脑胶质增生或脱髓鞘病变；②T1相及增强扫描低密度改变，提示囊性改变。 【诊断】 根据先天性白内障、青光眼、智能及生长发育障碍，Fanconi综合征的典型表现，确诊Lowe眼-
Fanconi综合征,疾病,相关（导致）,脑胶质增生,疾病,MRI可见两类改变：①T2相或增强扫描可见不规则片状高密影，可能系脑胶质增生或脱髓鞘病变；②T1相及增强扫描低密度改变，提示囊性改变。 【诊断】 根据先天性白内障、青光眼、智能及生长发育障碍，Fanconi综合征的典型表现，确诊Lowe眼-
Fanconi综合征,疾病,相关（导致）,脱髓鞘,疾病,MRI可见两类改变：①T2相或增强扫描可见不规则片状高密影，可能系脑胶质增生或脱髓鞘病变；②T1相及增强扫描低密度改变，提示囊性改变。 【诊断】 根据先天性白内障、青光眼、智能及生长发育障碍，Fanconi综合征的典型表现，确诊Lowe眼-
Fanconi综合征,疾病,相关（导致）,囊性改变,疾病,MRI可见两类改变：①T2相或增强扫描可见不规则片状高密影，可能系脑胶质增生或脱髓鞘病变；②T1相及增强扫描低密度改变，提示囊性改变。 【诊断】 根据先天性白内障、青光眼、智能及生长发育障碍，Fanconi综合征的典型表现，确诊Lowe眼-
Fanconi综合征,疾病,影像学检查,MRI,检查,MRI可见两类改变：①T2相或增强扫描可见不规则片状高密影，可能系脑胶质增生或脱髓鞘病变；②T1相及增强扫描低密度改变，提示囊性改变。 【诊断】 根据先天性白内障、青光眼、智能及生长发育障碍，Fanconi综合征的典型表现，确诊Lowe眼-
Fanconi综合征,疾病,发病部位,脑部,部位,MRI可见两类改变：①T2相或增强扫描可见不规则片状高密影，可能系脑胶质增生或脱髓鞘病变；②T1相及增强扫描低密度改变，提示囊性改变。 【诊断】 根据先天性白内障、青光眼、智能及生长发育障碍，Fanconi综合征的典型表现，确诊Lowe眼-
Fanconi综合征,疾病,发病部位,肾脏,部位,MRI可见两类改变：①T2相或增强扫描可见不规则片状高密影，可能系脑胶质增生或脱髓鞘病变；②T1相及增强扫描低密度改变，提示囊性改变。 【诊断】 根据先天性白内障、青光眼、智能及生长发育障碍，Fanconi综合征的典型表现，确诊Lowe眼-
Fanconi综合征,疾病,发病部位,眼部,部位,MRI可见两类改变：①T2相或增强扫描可见不规则片状高密影，可能系脑胶质增生或脱髓鞘病变；②T1相及增强扫描低密度改变，提示囊性改变。 【诊断】 根据先天性白内障、青光眼、智能及生长发育障碍，Fanconi综合征的典型表现，确诊Lowe眼-
Fanconi综合征,疾病,实验室检查,血、尿的生化分析,检查,MRI可见两类改变：①T2相或增强扫描可见不规则片状高密影，可能系脑胶质增生或脱髓鞘病变；②T1相及增强扫描低密度改变，提示囊性改变。 【诊断】 根据先天性白内障、青光眼、智能及生长发育障碍，Fanconi综合征的典型表现，确诊Lowe眼-
T2相或增强扫描可见不规则片状高密影,疾病,临床表现,Fanconi综合征,症状,MRI可见两类改变：①T2相或增强扫描可见不规则片状高密影，可能系脑胶质增生或脱髓鞘病变；②T1相及增强扫描低密度改变，提示囊性改变。 【诊断】 根据先天性白内障、青光眼、智能及生长发育障碍，Fanconi综合征的典型表现，确诊Lowe眼-
T2相或增强扫描可见不规则片状高密影,疾病,临床表现,T1相及增强扫描低密度改变,症状,MRI可见两类改变：①T2相或增强扫描可见不规则片状高密影，可能系脑胶质增生或脱髓鞘病变；②T1相及增强扫描低密度改变，提示囊性改变。 【诊断】 根据先天性白内障、青光眼、智能及生长发育障碍，Fanconi综合征的典型表现，确诊Lowe眼-
疟疾感染,疾病,鉴别诊断,HIV血清转换,疾病,疟疾感染@[ HIV血清转换 ](/topics/zh-cn/555) ### 阿米巴肝脓肿 体征/症状 检查 体征/症状 不到50%的人有细菌性痢疾史。疟疾感染@常伴有触痛性肝肿大和右侧胸腔积液。
疟疾感染,疾病,鉴别诊断,阿米巴肝脓肿,疾病,疟疾感染@[ HIV血清转换 ](/topics/zh-cn/555) ### 阿米巴肝脓肿 体征/症状 检查 体征/症状 不到50%的人有细菌性痢疾史。疟疾感染@常伴有触痛性肝肿大和右侧胸腔积液。
阿米巴肝脓肿,疾病,病史,细菌性痢疾史,社会学,疟疾感染@[ HIV血清转换 ](/topics/zh-cn/555) ### 阿米巴肝脓肿 体征/症状 检查 体征/症状 不到50%的人有细菌性痢疾史。疟疾感染@常伴有触痛性肝肿大和右侧胸腔积液。
疟疾感染,疾病,并发症,触痛性肝肿大,疾病,疟疾感染@[ HIV血清转换 ](/topics/zh-cn/555) ### 阿米巴肝脓肿 体征/症状 检查 体征/症状 不到50%的人有细菌性痢疾史。疟疾感染@常伴有触痛性肝肿大和右侧胸腔积液。
疟疾感染,疾病,临床表现,右侧胸腔积液,症状,疟疾感染@[ HIV血清转换 ](/topics/zh-cn/555) ### 阿米巴肝脓肿 体征/症状 检查 体征/症状 不到50%的人有细菌性痢疾史。疟疾感染@常伴有触痛性肝肿大和右侧胸腔积液。
川崎病,疾病,影像学检查,胸部平片,检查,"胸部平片 可示肺部纹理增多、模糊或有片状阴影，心影可扩大。 【诊断和鉴别诊断】 诊断标准（表7-8) 表7-8川崎病的诊断标准 发热5天以上,伴下列5项临床表现中4项者，排除其他疾病后，即可诊断为川崎病： 四肢变化:急性期掌跖红斑，手足硬性"
川崎病,疾病,临床表现,急性期掌跖红斑,症状,"胸部平片 可示肺部纹理增多、模糊或有片状阴影，心影可扩大。 【诊断和鉴别诊断】 诊断标准（表7-8) 表7-8川崎病的诊断标准 发热5天以上,伴下列5项临床表现中4项者，排除其他疾病后，即可诊断为川崎病： 四肢变化:急性期掌跖红斑，手足硬性"
川崎病,疾病,相关（导致）,手足硬性水肿,疾病,"胸部平片 可示肺部纹理增多、模糊或有片状阴影，心影可扩大。 【诊断和鉴别诊断】 诊断标准（表7-8) 表7-8川崎病的诊断标准 发热5天以上,伴下列5项临床表现中4项者，排除其他疾病后，即可诊断为川崎病： 四肢变化:急性期掌跖红斑，手足硬性"
川崎病,疾病,临床表现,恢复期指趾端膜状脱皮,症状,"胸部平片 可示肺部纹理增多、模糊或有片状阴影，心影可扩大。 【诊断和鉴别诊断】 诊断标准（表7-8) 表7-8川崎病的诊断标准 发热5天以上,伴下列5项临床表现中4项者，排除其他疾病后，即可诊断为川崎病： 四肢变化:急性期掌跖红斑，手足硬性"
川崎病,疾病,相关（症状）,多形性皮疹,疾病,"胸部平片 可示肺部纹理增多、模糊或有片状阴影，心影可扩大。 【诊断和鉴别诊断】 诊断标准（表7-8) 表7-8川崎病的诊断标准 发热5天以上,伴下列5项临床表现中4项者，排除其他疾病后，即可诊断为川崎病： 四肢变化:急性期掌跖红斑，手足硬性"
川崎病,疾病,临床表现,眼结合膜充血,症状,"胸部平片 可示肺部纹理增多、模糊或有片状阴影，心影可扩大。 【诊断和鉴别诊断】 诊断标准（表7-8) 表7-8川崎病的诊断标准 发热5天以上,伴下列5项临床表现中4项者，排除其他疾病后，即可诊断为川崎病： 四肢变化:急性期掌跖红斑，手足硬性"
川崎病,疾病,临床表现,非化脓性 唇充血皲裂,症状,"胸部平片 可示肺部纹理增多、模糊或有片状阴影，心影可扩大。 【诊断和鉴别诊断】 诊断标准（表7-8) 表7-8川崎病的诊断标准 发热5天以上,伴下列5项临床表现中4项者，排除其他疾病后，即可诊断为川崎病： 四肢变化:急性期掌跖红斑，手足硬性"
川崎病,疾病,临床表现,口腔黏膜弥漫充血,症状,"胸部平片 可示肺部纹理增多、模糊或有片状阴影，心影可扩大。 【诊断和鉴别诊断】 诊断标准（表7-8) 表7-8川崎病的诊断标准 发热5天以上,伴下列5项临床表现中4项者，排除其他疾病后，即可诊断为川崎病： 四肢变化:急性期掌跖红斑，手足硬性"
川崎病,疾病,临床表现,舌乳头突起,症状,"胸部平片 可示肺部纹理增多、模糊或有片状阴影，心影可扩大。 【诊断和鉴别诊断】 诊断标准（表7-8) 表7-8川崎病的诊断标准 发热5天以上,伴下列5项临床表现中4项者，排除其他疾病后，即可诊断为川崎病： 四肢变化:急性期掌跖红斑，手足硬性"
川崎病,疾病,临床表现,充血呈草莓舌,症状,"胸部平片 可示肺部纹理增多、模糊或有片状阴影，心影可扩大。 【诊断和鉴别诊断】 诊断标准（表7-8) 表7-8川崎病的诊断标准 发热5天以上,伴下列5项临床表现中4项者，排除其他疾病后，即可诊断为川崎病： 四肢变化:急性期掌跖红斑，手足硬性"
川崎病,疾病,临床表现,颈部淋巴结肿大,症状,"胸部平片 可示肺部纹理增多、模糊或有片状阴影，心影可扩大。 【诊断和鉴别诊断】 诊断标准（表7-8) 表7-8川崎病的诊断标准 发热5天以上,伴下列5项临床表现中4项者，排除其他疾病后，即可诊断为川崎病： 四肢变化:急性期掌跖红斑，手足硬性"
IVIG非敏感型KD,疾病,同义词,IVIG无反应型KD,疾病,"胸部平片 可示肺部纹理增多、模糊或有片状阴影，心影可扩大。 【诊断和鉴别诊断】 诊断标准（表7-8) 表7-8川崎病的诊断标准 发热5天以上,伴下列5项临床表现中4项者，排除其他疾病后，即可诊断为川崎病： 四肢变化:急性期掌跖红斑，手足硬性"
IVIG非敏感型KD,疾病,同义词,JVIG耐药型KD,疾病,"胸部平片 可示肺部纹理增多、模糊或有片状阴影，心影可扩大。 【诊断和鉴别诊断】 诊断标准（表7-8) 表7-8川崎病的诊断标准 发热5天以上,伴下列5项临床表现中4项者，排除其他疾病后，即可诊断为川崎病： 四肢变化:急性期掌跖红斑，手足硬性"
IVIG非敏感型KD,疾病,同义词,难治型KD,疾病,"胸部平片 可示肺部纹理增多、模糊或有片状阴影，心影可扩大。 【诊断和鉴别诊断】 诊断标准（表7-8) 表7-8川崎病的诊断标准 发热5天以上,伴下列5项临床表现中4项者，排除其他疾病后，即可诊断为川崎病： 四肢变化:急性期掌跖红斑，手足硬性"
川崎病,疾病,临床表现,肺部纹理增多、模糊或有片状阴影,症状,"胸部平片 可示肺部纹理增多、模糊或有片状阴影，心影可扩大。 【诊断和鉴别诊断】 诊断标准（表7-8) 表7-8川崎病的诊断标准 发热5天以上,伴下列5项临床表现中4项者，排除其他疾病后，即可诊断为川崎病： 四肢变化:急性期掌跖红斑，手足硬性"
川崎病,疾病,临床表现,心影可扩大,症状,"胸部平片 可示肺部纹理增多、模糊或有片状阴影，心影可扩大。 【诊断和鉴别诊断】 诊断标准（表7-8) 表7-8川崎病的诊断标准 发热5天以上,伴下列5项临床表现中4项者，排除其他疾病后，即可诊断为川崎病： 四肢变化:急性期掌跖红斑，手足硬性"
川崎病,疾病,临床表现,超声心动图有冠状动脉损害,症状,"胸部平片 可示肺部纹理增多、模糊或有片状阴影，心影可扩大。 【诊断和鉴别诊断】 诊断标准（表7-8) 表7-8川崎病的诊断标准 发热5天以上,伴下列5项临床表现中4项者，排除其他疾病后，即可诊断为川崎病： 四肢变化:急性期掌跖红斑，手足硬性"
中毒,疾病,临床表现,刺激性呛咳,症状,中毒患儿可出现刺激性呛咳、呼吸困难、发绀、肺水肿及呼吸节律不整，严重者导致呼吸中枢抑制或呼吸肌麻痹以及呼吸衰竭。
中毒,疾病,临床表现,呼吸困难,症状,中毒患儿可出现刺激性呛咳、呼吸困难、发绀、肺水肿及呼吸节律不整，严重者导致呼吸中枢抑制或呼吸肌麻痹以及呼吸衰竭。
中毒,疾病,临床表现,发绀,症状,中毒患儿可出现刺激性呛咳、呼吸困难、发绀、肺水肿及呼吸节律不整，严重者导致呼吸中枢抑制或呼吸肌麻痹以及呼吸衰竭。
中毒,疾病,临床表现,呼吸节律不整,症状,中毒患儿可出现刺激性呛咳、呼吸困难、发绀、肺水肿及呼吸节律不整，严重者导致呼吸中枢抑制或呼吸肌麻痹以及呼吸衰竭。
中毒,疾病,临床表现,呼吸中枢抑制,症状,中毒患儿可出现刺激性呛咳、呼吸困难、发绀、肺水肿及呼吸节律不整，严重者导致呼吸中枢抑制或呼吸肌麻痹以及呼吸衰竭。
中毒,疾病,相关（导致）,呼吸肌麻痹,疾病,中毒患儿可出现刺激性呛咳、呼吸困难、发绀、肺水肿及呼吸节律不整，严重者导致呼吸中枢抑制或呼吸肌麻痹以及呼吸衰竭。
中毒,疾病,相关（导致）,肺水肿,疾病,中毒患儿可出现刺激性呛咳、呼吸困难、发绀、肺水肿及呼吸节律不整，严重者导致呼吸中枢抑制或呼吸肌麻痹以及呼吸衰竭。
中毒,疾病,相关（导致）,呼吸衰竭,疾病,中毒患儿可出现刺激性呛咳、呼吸困难、发绀、肺水肿及呼吸节律不整，严重者导致呼吸中枢抑制或呼吸肌麻痹以及呼吸衰竭。
慢性胰腺炎,疾病,发病部位,胰腺,部位,慢性胰腺炎@### 胰腺功能和结构检查 胰腺功能检查包括直接和间接两种方法。
慢性胰腺炎,疾病,实验室检查,胰腺功能和结构检查,检查,慢性胰腺炎@### 胰腺功能和结构检查 胰腺功能检查包括直接和间接两种方法。
痔病,疾病,临床表现,突发的肛周疼痛,症状,痔@痔病表现为无痛性直肠出血或突发的肛周疼痛伴有触痛性包块。
痔病,疾病,临床表现,触痛性包块,症状,痔@痔病表现为无痛性直肠出血或突发的肛周疼痛伴有触痛性包块。
痔病,疾病,相关（导致）,无痛性直肠出血,疾病,痔@痔病表现为无痛性直肠出血或突发的肛周疼痛伴有触痛性包块。
GSDⅣ型,疾病,发病部位,肝脏,部位,GSDⅣ型（Andersen病）分支酶缺陷。受累组织主要为肝脏；心脏及肌肉较少累及。
GSDⅣ型,疾病,发病部位,心脏,部位,GSDⅣ型（Andersen病）分支酶缺陷。受累组织主要为肝脏；心脏及肌肉较少累及。
GSDⅣ型,疾病,发病部位,肌肉,部位,GSDⅣ型（Andersen病）分支酶缺陷。受累组织主要为肝脏；心脏及肌肉较少累及。
GSDⅣ型,疾病,同义词,Andersen病,疾病,GSDⅣ型（Andersen病）分支酶缺陷。受累组织主要为肝脏；心脏及肌肉较少累及。
GSDⅣ型,疾病,病因,分支酶缺陷,社会学,GSDⅣ型（Andersen病）分支酶缺陷。受累组织主要为肝脏；心脏及肌肉较少累及。
婴儿猝死综合征,疾病,高危因素,睡姿,社会学,婴儿猝死综合征@已经充分确定了与其他可改变危险因素的相关性，如睡姿、床面、睡眠环境布置、吸烟暴露、无母乳喂养以及未使用橡皮奶嘴等，但是尚未确定直接的致病原因。
婴儿猝死综合征,疾病,高危因素,床面,社会学,婴儿猝死综合征@已经充分确定了与其他可改变危险因素的相关性，如睡姿、床面、睡眠环境布置、吸烟暴露、无母乳喂养以及未使用橡皮奶嘴等，但是尚未确定直接的致病原因。
婴儿猝死综合征,疾病,高危因素,睡眠环境布置,社会学,婴儿猝死综合征@已经充分确定了与其他可改变危险因素的相关性，如睡姿、床面、睡眠环境布置、吸烟暴露、无母乳喂养以及未使用橡皮奶嘴等，但是尚未确定直接的致病原因。
婴儿猝死综合征,疾病,高危因素,吸烟暴露,社会学,婴儿猝死综合征@已经充分确定了与其他可改变危险因素的相关性，如睡姿、床面、睡眠环境布置、吸烟暴露、无母乳喂养以及未使用橡皮奶嘴等，但是尚未确定直接的致病原因。
婴儿猝死综合征,疾病,高危因素,无母乳喂养,社会学,婴儿猝死综合征@已经充分确定了与其他可改变危险因素的相关性，如睡姿、床面、睡眠环境布置、吸烟暴露、无母乳喂养以及未使用橡皮奶嘴等，但是尚未确定直接的致病原因。
婴儿猝死综合征,疾病,高危因素,未使用橡皮奶嘴,社会学,婴儿猝死综合征@已经充分确定了与其他可改变危险因素的相关性，如睡姿、床面、睡眠环境布置、吸烟暴露、无母乳喂养以及未使用橡皮奶嘴等，但是尚未确定直接的致病原因。
IgA肾病,疾病,相关（转化）,终末肾功衰竭,疾病,【预后】 成人IgA肾病10年后约15%进展到终末肾功衰竭，20年后升至25%～30%。
IgA肾病,疾病,发病率,10年后约15%,流行病学,【预后】 成人IgA肾病10年后约15%进展到终末肾功衰竭，20年后升至25%～30%。
IgA肾病,疾病,发病率,20年后升至25%～30%,流行病学,【预后】 成人IgA肾病10年后约15%进展到终末肾功衰竭，20年后升至25%～30%。
高血压,疾病,药物治疗,硝苯地平,药物,高血压紧急状态的治疗，目的在于在24小时内使血压降低。应先将患儿置于光线较暗、体位舒适的地方，30分钟后复测血压，若仍保持较高血压，先给予口服药治疗，如硝苯地平（心痛定）、卡托普利等，应监护患儿1～2小时，以确保治疗有效而无不良反应。
高血压,疾病,药物治疗,卡托普利,药物,高血压紧急状态的治疗，目的在于在24小时内使血压降低。应先将患儿置于光线较暗、体位舒适的地方，30分钟后复测血压，若仍保持较高血压，先给予口服药治疗，如硝苯地平（心痛定）、卡托普利等，应监护患儿1～2小时，以确保治疗有效而无不良反应。
硝苯地平,药物,同义词,心痛定,药物,高血压紧急状态的治疗，目的在于在24小时内使血压降低。应先将患儿置于光线较暗、体位舒适的地方，30分钟后复测血压，若仍保持较高血压，先给予口服药治疗，如硝苯地平（心痛定）、卡托普利等，应监护患儿1～2小时，以确保治疗有效而无不良反应。
立克次体感染,疾病,临床表现,不明原因高热（ ≥ 38 ℃ ）,症状,立克次体感染@立克次体是革兰阴性胞内寄生菌，生物学特征介于病毒和细菌之间，在动物宿主包括啮齿动物如鼠类和家畜等贮存宿主体内繁殖，传播途径主要是由节肢动物蜱、螨、蚤、虱等媒介的叮咬或暴露，以及气溶胶方式进行传播。立克次体感染@无论传统立克次体
立克次体感染,疾病,临床表现,头痛,症状,立克次体感染@立克次体是革兰阴性胞内寄生菌，生物学特征介于病毒和细菌之间，在动物宿主包括啮齿动物如鼠类和家畜等贮存宿主体内繁殖，传播途径主要是由节肢动物蜱、螨、蚤、虱等媒介的叮咬或暴露，以及气溶胶方式进行传播。立克次体感染@无论传统立克次体
立克次体感染,疾病,临床表现,肌肉酸痛,症状,立克次体感染@立克次体是革兰阴性胞内寄生菌，生物学特征介于病毒和细菌之间，在动物宿主包括啮齿动物如鼠类和家畜等贮存宿主体内繁殖，传播途径主要是由节肢动物蜱、螨、蚤、虱等媒介的叮咬或暴露，以及气溶胶方式进行传播。立克次体感染@无论传统立克次体
立克次体感染,疾病,临床表现,皮疹,症状,立克次体感染@立克次体是革兰阴性胞内寄生菌，生物学特征介于病毒和细菌之间，在动物宿主包括啮齿动物如鼠类和家畜等贮存宿主体内繁殖，传播途径主要是由节肢动物蜱、螨、蚤、虱等媒介的叮咬或暴露，以及气溶胶方式进行传播。立克次体感染@无论传统立克次体
立克次体感染,疾病,临床表现,粒细胞小板减少,症状,立克次体感染@立克次体是革兰阴性胞内寄生菌，生物学特征介于病毒和细菌之间，在动物宿主包括啮齿动物如鼠类和家畜等贮存宿主体内繁殖，传播途径主要是由节肢动物蜱、螨、蚤、虱等媒介的叮咬或暴露，以及气溶胶方式进行传播。立克次体感染@无论传统立克次体
立克次体感染,疾病,传播途径,气溶胶方式进行传播,流行病学,立克次体感染@立克次体是革兰阴性胞内寄生菌，生物学特征介于病毒和细菌之间，在动物宿主包括啮齿动物如鼠类和家畜等贮存宿主体内繁殖，传播途径主要是由节肢动物蜱、螨、蚤、虱等媒介的叮咬或暴露，以及气溶胶方式进行传播。立克次体感染@无论传统立克次体
立克次体感染,疾病,传播途径,由节肢动物蜱、螨、蚤、虱等媒介的叮咬或暴露,流行病学,立克次体感染@立克次体是革兰阴性胞内寄生菌，生物学特征介于病毒和细菌之间，在动物宿主包括啮齿动物如鼠类和家畜等贮存宿主体内繁殖，传播途径主要是由节肢动物蜱、螨、蚤、虱等媒介的叮咬或暴露，以及气溶胶方式进行传播。立克次体感染@无论传统立克次体
立克次体感染,疾病,药物治疗,多西环素,药物,立克次体感染@立克次体是革兰阴性胞内寄生菌，生物学特征介于病毒和细菌之间，在动物宿主包括啮齿动物如鼠类和家畜等贮存宿主体内繁殖，传播途径主要是由节肢动物蜱、螨、蚤、虱等媒介的叮咬或暴露，以及气溶胶方式进行传播。立克次体感染@无论传统立克次体
立克次体感染,疾病,药物治疗,四环素,药物,立克次体感染@立克次体是革兰阴性胞内寄生菌，生物学特征介于病毒和细菌之间，在动物宿主包括啮齿动物如鼠类和家畜等贮存宿主体内繁殖，传播途径主要是由节肢动物蜱、螨、蚤、虱等媒介的叮咬或暴露，以及气溶胶方式进行传播。立克次体感染@无论传统立克次体
立克次体感染,疾病,药物治疗,氯霉素,药物,立克次体感染@立克次体是革兰阴性胞内寄生菌，生物学特征介于病毒和细菌之间，在动物宿主包括啮齿动物如鼠类和家畜等贮存宿主体内繁殖，传播途径主要是由节肢动物蜱、螨、蚤、虱等媒介的叮咬或暴露，以及气溶胶方式进行传播。立克次体感染@无论传统立克次体
立克次体感染,疾病,病理分型,传统立克次体病,疾病,立克次体感染@立克次体是革兰阴性胞内寄生菌，生物学特征介于病毒和细菌之间，在动物宿主包括啮齿动物如鼠类和家畜等贮存宿主体内繁殖，传播途径主要是由节肢动物蜱、螨、蚤、虱等媒介的叮咬或暴露，以及气溶胶方式进行传播。立克次体感染@无论传统立克次体
立克次体感染,疾病,病理分型,新发立克次体病,疾病,立克次体感染@立克次体是革兰阴性胞内寄生菌，生物学特征介于病毒和细菌之间，在动物宿主包括啮齿动物如鼠类和家畜等贮存宿主体内繁殖，传播途径主要是由节肢动物蜱、螨、蚤、虱等媒介的叮咬或暴露，以及气溶胶方式进行传播。立克次体感染@无论传统立克次体
肺结核,疾病,临床表现,痰培养结核分枝杆菌阳性,症状,HIV 感染@痰培养结核分枝杆菌阳性，胸部 X 线检查结果也符合结核表现，从而确诊为肺结核。HIV 感染@目前正在服用的药物包括抗结核药和吡哆醇。
肺结核,疾病,药物治疗,抗结核药,药物,HIV 感染@痰培养结核分枝杆菌阳性，胸部 X 线检查结果也符合结核表现，从而确诊为肺结核。HIV 感染@目前正在服用的药物包括抗结核药和吡哆醇。
肺结核,疾病,药物治疗,吡哆醇,药物,HIV 感染@痰培养结核分枝杆菌阳性，胸部 X 线检查结果也符合结核表现，从而确诊为肺结核。HIV 感染@目前正在服用的药物包括抗结核药和吡哆醇。
肺结核,疾病,影像学检查,胸部 X 线,检查,HIV 感染@痰培养结核分枝杆菌阳性，胸部 X 线检查结果也符合结核表现，从而确诊为肺结核。HIV 感染@目前正在服用的药物包括抗结核药和吡哆醇。
新生儿破伤风,疾病,药物治疗,抗生素,药物,我国新中国成立前每年约100万新生儿死于破伤风，建国后发病率和死亡率显著下降，但在边远农村、山区及私自接生者新生儿破伤风仍不罕见。 （四）抗生素 青霉素：能杀灭破伤风梭菌，10万～20 万U/（kg•d），每天分2次，疗程10天左右。
新生儿破伤风,疾病,药物治疗,青霉素,药物,我国新中国成立前每年约100万新生儿死于破伤风，建国后发病率和死亡率显著下降，但在边远农村、山区及私自接生者新生儿破伤风仍不罕见。 （四）抗生素 青霉素：能杀灭破伤风梭菌，10万～20 万U/（kg•d），每天分2次，疗程10天左右。
新生儿破伤风,疾病,多发地区,边远农村、山区,流行病学,我国新中国成立前每年约100万新生儿死于破伤风，建国后发病率和死亡率显著下降，但在边远农村、山区及私自接生者新生儿破伤风仍不罕见。 （四）抗生素 青霉素：能杀灭破伤风梭菌，10万～20 万U/（kg•d），每天分2次，疗程10天左右。
新生儿破伤风,疾病,病因,私自接生,社会学,我国新中国成立前每年约100万新生儿死于破伤风，建国后发病率和死亡率显著下降，但在边远农村、山区及私自接生者新生儿破伤风仍不罕见。 （四）抗生素 青霉素：能杀灭破伤风梭菌，10万～20 万U/（kg•d），每天分2次，疗程10天左右。
锌缺乏,疾病,临床表现,厌食,症状,【临床表现】 锌缺乏的临床表现是一种或多种锌的生物学活性降低的结果。 （二）厌食、食欲降低 缺锌后常引起口腔黏膜增生及角化不全，易于脱落，而大量脱落的上皮细胞可以掩盖和阻塞舌乳头中的味蕾小孔，使食物难以接触味蕾，不易引起味觉和促进食欲。
锌缺乏,疾病,临床表现,食欲降低,症状,【临床表现】 锌缺乏的临床表现是一种或多种锌的生物学活性降低的结果。 （二）厌食、食欲降低 缺锌后常引起口腔黏膜增生及角化不全，易于脱落，而大量脱落的上皮细胞可以掩盖和阻塞舌乳头中的味蕾小孔，使食物难以接触味蕾，不易引起味觉和促进食欲。
锌缺乏,疾病,发病机制,一种或多种锌的生物学活性降低,社会学,【临床表现】 锌缺乏的临床表现是一种或多种锌的生物学活性降低的结果。 （二）厌食、食欲降低 缺锌后常引起口腔黏膜增生及角化不全，易于脱落，而大量脱落的上皮细胞可以掩盖和阻塞舌乳头中的味蕾小孔，使食物难以接触味蕾，不易引起味觉和促进食欲。
肛门癌,疾病,放射治疗,较低剂量的放疗,其他治疗,肛门癌@对于 CD4 细胞计数＜200/μL 或出现其他 HIV 相关疾病体征或症状的患者，建议采用较低剂量的放疗和/或化疗。
肛门癌,疾病,化疗,化疗,其他治疗,肛门癌@对于 CD4 细胞计数＜200/μL 或出现其他 HIV 相关疾病体征或症状的患者，建议采用较低剂量的放疗和/或化疗。
肛门癌,疾病,相关（导致）,HIV 相关疾病,疾病,肛门癌@对于 CD4 细胞计数＜200/μL 或出现其他 HIV 相关疾病体征或症状的患者，建议采用较低剂量的放疗和/或化疗。
肛门癌,疾病,临床表现,CD4 细胞计数＜200/μL,症状,肛门癌@对于 CD4 细胞计数＜200/μL 或出现其他 HIV 相关疾病体征或症状的患者，建议采用较低剂量的放疗和/或化疗。
HIV 感染,疾病,辅助检查,皮肤视诊,检查,HIV 感染@### 临床检查 从医生对患者的总体印象开始，应该确定患者身体状况良好还是不佳。HIV 感染@查体时应特别关注以下内容： * 体重和身高测量 * 检查是否有全身性淋巴结肿大，记录淋巴结的位置、大小和活动程度 * 皮肤视诊以查找
HIV 感染,疾病,辅助检查,检查口腔,检查,HIV 感染@### 临床检查 从医生对患者的总体印象开始，应该确定患者身体状况良好还是不佳。HIV 感染@查体时应特别关注以下内容： * 体重和身高测量 * 检查是否有全身性淋巴结肿大，记录淋巴结的位置、大小和活动程度 * 皮肤视诊以查找
HIV 感染,疾病,相关（导致）,全身性淋巴结肿大,疾病,HIV 感染@### 临床检查 从医生对患者的总体印象开始，应该确定患者身体状况良好还是不佳。HIV 感染@查体时应特别关注以下内容： * 体重和身高测量 * 检查是否有全身性淋巴结肿大，记录淋巴结的位置、大小和活动程度 * 皮肤视诊以查找
HIV 感染,疾病,相关（导致）,带状疱疹,疾病,HIV 感染@### 临床检查 从医生对患者的总体印象开始，应该确定患者身体状况良好还是不佳。HIV 感染@查体时应特别关注以下内容： * 体重和身高测量 * 检查是否有全身性淋巴结肿大，记录淋巴结的位置、大小和活动程度 * 皮肤视诊以查找
HIV 感染,疾病,相关（导致）,瘙痒性丘疹,疾病,HIV 感染@### 临床检查 从医生对患者的总体印象开始，应该确定患者身体状况良好还是不佳。HIV 感染@查体时应特别关注以下内容： * 体重和身高测量 * 检查是否有全身性淋巴结肿大，记录淋巴结的位置、大小和活动程度 * 皮肤视诊以查找
HIV 感染,疾病,相关（导致）,卡波西肉瘤,疾病,HIV 感染@### 临床检查 从医生对患者的总体印象开始，应该确定患者身体状况良好还是不佳。HIV 感染@查体时应特别关注以下内容： * 体重和身高测量 * 检查是否有全身性淋巴结肿大，记录淋巴结的位置、大小和活动程度 * 皮肤视诊以查找
HIV 感染,疾病,相关（导致）,鹅口疮,疾病,HIV 感染@### 临床检查 从医生对患者的总体印象开始，应该确定患者身体状况良好还是不佳。HIV 感染@查体时应特别关注以下内容： * 体重和身高测量 * 检查是否有全身性淋巴结肿大，记录淋巴结的位置、大小和活动程度 * 皮肤视诊以查找
HIV 感染,疾病,相关（导致）,口腔毛状白斑,疾病,HIV 感染@### 临床检查 从医生对患者的总体印象开始，应该确定患者身体状况良好还是不佳。HIV 感染@查体时应特别关注以下内容： * 体重和身高测量 * 检查是否有全身性淋巴结肿大，记录淋巴结的位置、大小和活动程度 * 皮肤视诊以查找
HIV 感染,疾病,相关（症状）,真菌感染,疾病,HIV 感染@### 临床检查 从医生对患者的总体印象开始，应该确定患者身体状况良好还是不佳。HIV 感染@查体时应特别关注以下内容： * 体重和身高测量 * 检查是否有全身性淋巴结肿大，记录淋巴结的位置、大小和活动程度 * 皮肤视诊以查找
HIV 感染,疾病,相关（症状）,牙周疾病,疾病,HIV 感染@### 临床检查 从医生对患者的总体印象开始，应该确定患者身体状况良好还是不佳。HIV 感染@查体时应特别关注以下内容： * 体重和身高测量 * 检查是否有全身性淋巴结肿大，记录淋巴结的位置、大小和活动程度 * 皮肤视诊以查找
肝硬化,疾病,相关（导致）,肝性骨营养不良,疾病,肝硬化@[ 男性性腺机能减退 ](/topics/zh-cn/1093) ### 肝性骨营养不良 | 存在差异 | 低 这一术语用来描述慢性肝病相关的骨质疏松症和骨软化症。
肝硬化,疾病,临床表现,男性性腺机能减退,症状,肝硬化@[ 男性性腺机能减退 ](/topics/zh-cn/1093) ### 肝性骨营养不良 | 存在差异 | 低 这一术语用来描述慢性肝病相关的骨质疏松症和骨软化症。
慢性肝病,疾病,病理分型,肝硬化,疾病,肝硬化@[ 男性性腺机能减退 ](/topics/zh-cn/1093) ### 肝性骨营养不良 | 存在差异 | 低 这一术语用来描述慢性肝病相关的骨质疏松症和骨软化症。
骨质疏松症,疾病,相关（导致）,慢性肝病,疾病,肝硬化@[ 男性性腺机能减退 ](/topics/zh-cn/1093) ### 肝性骨营养不良 | 存在差异 | 低 这一术语用来描述慢性肝病相关的骨质疏松症和骨软化症。
骨软化症,疾病,相关（导致）,慢性肝病,疾病,肝硬化@[ 男性性腺机能减退 ](/topics/zh-cn/1093) ### 肝性骨营养不良 | 存在差异 | 低 这一术语用来描述慢性肝病相关的骨质疏松症和骨软化症。
新生儿狼疮综合征,疾病,临床表现,皮肤及血液改变,症状,新生儿狼疮综合征@部分患儿由于母体的自身抗体，生后即出现短暂的皮肤及血液改变和持续的心脏异常等。
新生儿狼疮综合征,疾病,临床表现,持续的心脏异常,症状,新生儿狼疮综合征@部分患儿由于母体的自身抗体，生后即出现短暂的皮肤及血液改变和持续的心脏异常等。
新生儿狼疮综合征,疾病,病因,母体的自身抗体,社会学,新生儿狼疮综合征@部分患儿由于母体的自身抗体，生后即出现短暂的皮肤及血液改变和持续的心脏异常等。
先天性肾病综合征,疾病,同义词,congenital nephrotic syndrome,疾病,第三节 先天性肾病综合征 先天性肾病综合征（congenital nephrotic syndrome，CNS）指生后3个月内起病的肾病综合征。 免疫荧光检查病早期无Ig和补体沉着。
先天性肾病综合征,疾病,同义词,CNS,疾病,第三节 先天性肾病综合征 先天性肾病综合征（congenital nephrotic syndrome，CNS）指生后3个月内起病的肾病综合征。 免疫荧光检查病早期无Ig和补体沉着。
先天性肾病综合征,疾病,发病年龄,生后3个月,流行病学,第三节 先天性肾病综合征 先天性肾病综合征（congenital nephrotic syndrome，CNS）指生后3个月内起病的肾病综合征。 免疫荧光检查病早期无Ig和补体沉着。
肾病综合征,疾病,病理分型,先天性肾病综合征,疾病,第三节 先天性肾病综合征 先天性肾病综合征（congenital nephrotic syndrome，CNS）指生后3个月内起病的肾病综合征。 免疫荧光检查病早期无Ig和补体沉着。
先天性肾病综合征,疾病,实验室检查,免疫荧光检查,检查,第三节 先天性肾病综合征 先天性肾病综合征（congenital nephrotic syndrome，CNS）指生后3个月内起病的肾病综合征。 免疫荧光检查病早期无Ig和补体沉着。
β地中海贫血,疾病,临床表现,HbA2 含量增高,症状,"【临床表现和实验室检査】 β地中海贫血 根据病情轻重的不同，分为以下三型。 实验室检查:成熟红细胞有轻度形态改变，红细胞渗透脆性正常或减低，血红蛋白电泳显示HbA2 含量增高（0. 035 ~ 0.060),这是本型的特点。"
β地中海贫血,疾病,临床表现,成熟红细胞有轻度形态改变,症状,"【临床表现和实验室检査】 β地中海贫血 根据病情轻重的不同，分为以下三型。 实验室检查:成熟红细胞有轻度形态改变，红细胞渗透脆性正常或减低，血红蛋白电泳显示HbA2 含量增高（0. 035 ~ 0.060),这是本型的特点。"
β地中海贫血,疾病,临床表现,红细胞渗透脆性正常或减低,症状,"【临床表现和实验室检査】 β地中海贫血 根据病情轻重的不同，分为以下三型。 实验室检查:成熟红细胞有轻度形态改变，红细胞渗透脆性正常或减低，血红蛋白电泳显示HbA2 含量增高（0. 035 ~ 0.060),这是本型的特点。"
β地中海贫血,疾病,实验室检查,血红蛋白电泳,检查,"【临床表现和实验室检査】 β地中海贫血 根据病情轻重的不同，分为以下三型。 实验室检查:成熟红细胞有轻度形态改变，红细胞渗透脆性正常或减低，血红蛋白电泳显示HbA2 含量增高（0. 035 ~ 0.060),这是本型的特点。"
儿童糖尿病,疾病,辅助治疗,运动治疗,其他治疗,【治疗】 儿童糖尿病强调综合治疗，应加强对患者或者家庭的健康教育，使患儿能长期维持血糖接近正常水平，保证儿童获得正常的生活和活动。 3.运动治疗 运动对糖尿病患儿至关重要，是儿童正常生长发育所必须的生活内容，不要限制糖尿病患儿参加任何形式的
儿童糖尿病,疾病,辅助治疗,综合治疗,其他治疗,【治疗】 儿童糖尿病强调综合治疗，应加强对患者或者家庭的健康教育，使患儿能长期维持血糖接近正常水平，保证儿童获得正常的生活和活动。 3.运动治疗 运动对糖尿病患儿至关重要，是儿童正常生长发育所必须的生活内容，不要限制糖尿病患儿参加任何形式的
广泛性焦虑障碍,疾病,临床表现,气短,症状,广泛性焦虑障碍@结果 正常 ### 肺功能检查 检查 结果 检查 如果患者焦虑症状考虑为气短所致则需完善该检查排除肺部疾病。广泛性焦虑障碍@ 此种情况较少见。
广泛性焦虑障碍,疾病,辅助检查,肺功能检查,检查,广泛性焦虑障碍@结果 正常 ### 肺功能检查 检查 结果 检查 如果患者焦虑症状考虑为气短所致则需完善该检查排除肺部疾病。广泛性焦虑障碍@ 此种情况较少见。
前列腺癌,疾病,实验室检查,尿液生物标志物 检查,检查,前列腺癌@结果 异常细胞 ### 尿液生物标志物 检查 结果 检查 很多研究证实，通过尿液检测前列腺癌，在技术上是可行的，但很少有标志物得到了多个大样本研究的验证。 前列腺癌@结果 检测到特殊标志物 ### 血清标志物 检查 结果 检查 遗
前列腺癌,疾病,实验室检查,血清标志物 检查,检查,前列腺癌@结果 异常细胞 ### 尿液生物标志物 检查 结果 检查 很多研究证实，通过尿液检测前列腺癌，在技术上是可行的，但很少有标志物得到了多个大样本研究的验证。 前列腺癌@结果 检测到特殊标志物 ### 血清标志物 检查 结果 检查 遗
硬皮病,疾病,同义词,scleroderma,疾病,第十三章 硬皮病 【概述】 硬皮病（scleroderma）是儿童时期少见的慢性结缔组织病。 主要病理表现结缔组织炎性细胞浸润，血管内膜增生，血管壁萎缩、纤维化，结果造成管腔狭窄或闭塞。
慢性结缔组织病,疾病,病理分型,硬皮病,疾病,第十三章 硬皮病 【概述】 硬皮病（scleroderma）是儿童时期少见的慢性结缔组织病。 主要病理表现结缔组织炎性细胞浸润，血管内膜增生，血管壁萎缩、纤维化，结果造成管腔狭窄或闭塞。
硬皮病,疾病,临床表现,结缔组织炎性细胞浸润,症状,第十三章 硬皮病 【概述】 硬皮病（scleroderma）是儿童时期少见的慢性结缔组织病。 主要病理表现结缔组织炎性细胞浸润，血管内膜增生，血管壁萎缩、纤维化，结果造成管腔狭窄或闭塞。
硬皮病,疾病,临床表现,血管内膜增生,症状,第十三章 硬皮病 【概述】 硬皮病（scleroderma）是儿童时期少见的慢性结缔组织病。 主要病理表现结缔组织炎性细胞浸润，血管内膜增生，血管壁萎缩、纤维化，结果造成管腔狭窄或闭塞。
硬皮病,疾病,临床表现,血管壁萎缩、纤维化,症状,第十三章 硬皮病 【概述】 硬皮病（scleroderma）是儿童时期少见的慢性结缔组织病。 主要病理表现结缔组织炎性细胞浸润，血管内膜增生，血管壁萎缩、纤维化，结果造成管腔狭窄或闭塞。
慢性结缔组织病,疾病,病理分型,管腔狭窄或闭塞,疾病,第十三章 硬皮病 【概述】 硬皮病（scleroderma）是儿童时期少见的慢性结缔组织病。 主要病理表现结缔组织炎性细胞浸润，血管内膜增生，血管壁萎缩、纤维化，结果造成管腔狭窄或闭塞。
白内障,疾病,辅助检查,眼内压测量,检查,白内障@初始眼科评估还包括眼内压测量。
急性膀胱炎,疾病,药物治疗,非那吡啶,药物,急性膀胱炎@附加 –   尿痛症状的缓解 针对经选择患者组部分患者的治疗推荐 #### 第一选择 [ 非那吡啶 ](/druglink?dd=MARTINDALE) open_in_new : 需要时，每次口服 200mg，每日三次，共
急性膀胱炎,疾病,临床表现,尿痛,症状,急性膀胱炎@附加 –   尿痛症状的缓解 针对经选择患者组部分患者的治疗推荐 #### 第一选择 [ 非那吡啶 ](/druglink?dd=MARTINDALE) open_in_new : 需要时，每次口服 200mg，每日三次，共
失眠症,疾病,辅助治疗,非药物干预,其他治疗,失眠症@当在临床医生的指导下进行时，非药物干预是有益的。
PKU,疾病,同义词,苯丙酮尿症,疾病,PKU患者苯丙氨酸羟化酶缺乏，酪氨酸及正常代谢产物减少，血Phe含量增加，刺激转氨酶发育，次要代谢途径增强，生成苯丙酮酸、苯乙酸和苯乳酸，并从尿中大量排出，故称苯丙酮尿症。高浓度的Phe及其异常代谢产物抑制酪氨酸酶，使黑色素合成障碍。
PKU,疾病,临床表现,苯丙氨酸羟化酶缺乏,症状,PKU患者苯丙氨酸羟化酶缺乏，酪氨酸及正常代谢产物减少，血Phe含量增加，刺激转氨酶发育，次要代谢途径增强，生成苯丙酮酸、苯乙酸和苯乳酸，并从尿中大量排出，故称苯丙酮尿症。高浓度的Phe及其异常代谢产物抑制酪氨酸酶，使黑色素合成障碍。
PKU,疾病,临床表现,酪氨酸及正常代谢产物减少,症状,PKU患者苯丙氨酸羟化酶缺乏，酪氨酸及正常代谢产物减少，血Phe含量增加，刺激转氨酶发育，次要代谢途径增强，生成苯丙酮酸、苯乙酸和苯乳酸，并从尿中大量排出，故称苯丙酮尿症。高浓度的Phe及其异常代谢产物抑制酪氨酸酶，使黑色素合成障碍。
PKU,疾病,临床表现,血Phe含量增加,症状,PKU患者苯丙氨酸羟化酶缺乏，酪氨酸及正常代谢产物减少，血Phe含量增加，刺激转氨酶发育，次要代谢途径增强，生成苯丙酮酸、苯乙酸和苯乳酸，并从尿中大量排出，故称苯丙酮尿症。高浓度的Phe及其异常代谢产物抑制酪氨酸酶，使黑色素合成障碍。
PKU,疾病,临床表现,刺激转氨酶发育,症状,PKU患者苯丙氨酸羟化酶缺乏，酪氨酸及正常代谢产物减少，血Phe含量增加，刺激转氨酶发育，次要代谢途径增强，生成苯丙酮酸、苯乙酸和苯乳酸，并从尿中大量排出，故称苯丙酮尿症。高浓度的Phe及其异常代谢产物抑制酪氨酸酶，使黑色素合成障碍。
PKU,疾病,临床表现,次要代谢途径增强,症状,PKU患者苯丙氨酸羟化酶缺乏，酪氨酸及正常代谢产物减少，血Phe含量增加，刺激转氨酶发育，次要代谢途径增强，生成苯丙酮酸、苯乙酸和苯乳酸，并从尿中大量排出，故称苯丙酮尿症。高浓度的Phe及其异常代谢产物抑制酪氨酸酶，使黑色素合成障碍。
苯丙酮尿症,疾病,临床表现,黑色素合成障碍,症状,PKU患者苯丙氨酸羟化酶缺乏，酪氨酸及正常代谢产物减少，血Phe含量增加，刺激转氨酶发育，次要代谢途径增强，生成苯丙酮酸、苯乙酸和苯乳酸，并从尿中大量排出，故称苯丙酮尿症。高浓度的Phe及其异常代谢产物抑制酪氨酸酶，使黑色素合成障碍。
乳腺原位癌,疾病,病理分型,乳腺导管原位癌,疾病,乳腺原位癌@乳腺导管原位癌的其他不常见症状包括乳头溢液或乳房肿块。乳腺原位癌@ 诊断为 DCIS 男性的首发症状通常是乳头血性分泌物。
乳腺导管原位癌,疾病,临床表现,乳头溢液,症状,乳腺原位癌@乳腺导管原位癌的其他不常见症状包括乳头溢液或乳房肿块。乳腺原位癌@ 诊断为 DCIS 男性的首发症状通常是乳头血性分泌物。
乳腺导管原位癌,疾病,临床表现,乳房肿块,症状,乳腺原位癌@乳腺导管原位癌的其他不常见症状包括乳头溢液或乳房肿块。乳腺原位癌@ 诊断为 DCIS 男性的首发症状通常是乳头血性分泌物。
DCIS,疾病,临床表现,乳头血性分泌物,症状,乳腺原位癌@乳腺导管原位癌的其他不常见症状包括乳头溢液或乳房肿块。乳腺原位癌@ 诊断为 DCIS 男性的首发症状通常是乳头血性分泌物。
乳腺导管原位癌,疾病,同义词,DCIS,疾病,乳腺原位癌@乳腺导管原位癌的其他不常见症状包括乳头溢液或乳房肿块。乳腺原位癌@ 诊断为 DCIS 男性的首发症状通常是乳头血性分泌物。
基底细胞癌,疾病,鉴别诊断,毛发上皮瘤,疾病,基底细胞癌@### 毛发上皮瘤/毛胚细胞瘤 体征/症状 检查 体征/症状 两者皆为良性滤泡性上皮肿瘤，形成乳头状间叶细胞体，滤泡单位与毛囊球相似。
基底细胞癌,疾病,鉴别诊断,毛胚细胞瘤,疾病,基底细胞癌@### 毛发上皮瘤/毛胚细胞瘤 体征/症状 检查 体征/症状 两者皆为良性滤泡性上皮肿瘤，形成乳头状间叶细胞体，滤泡单位与毛囊球相似。
良性滤泡性上皮肿瘤,疾病,病理分型,毛发上皮瘤,疾病,基底细胞癌@### 毛发上皮瘤/毛胚细胞瘤 体征/症状 检查 体征/症状 两者皆为良性滤泡性上皮肿瘤，形成乳头状间叶细胞体，滤泡单位与毛囊球相似。
良性滤泡性上皮肿瘤,疾病,病理分型,毛胚细胞瘤,疾病,基底细胞癌@### 毛发上皮瘤/毛胚细胞瘤 体征/症状 检查 体征/症状 两者皆为良性滤泡性上皮肿瘤，形成乳头状间叶细胞体，滤泡单位与毛囊球相似。
毛发上皮瘤,疾病,鉴别诊断,毛胚细胞瘤,疾病,基底细胞癌@### 毛发上皮瘤/毛胚细胞瘤 体征/症状 检查 体征/症状 两者皆为良性滤泡性上皮肿瘤，形成乳头状间叶细胞体，滤泡单位与毛囊球相似。
宫颈癌,疾病,手术治疗,根治性子宫切除术,手术治疗,宫颈癌@已经表明，根治性子宫切除术后进行辅助放疗可增加治疗相关并发症的风险，并且不改善无疾病进展生存期或总生存期。 宫颈癌@### 非妊娠IIB-IVA期：局部晚期宫颈癌 查看全部   首选 –   放化疗 #### 第一选择 [ 
宫颈癌,疾病,放射治疗,放疗,其他治疗,宫颈癌@已经表明，根治性子宫切除术后进行辅助放疗可增加治疗相关并发症的风险，并且不改善无疾病进展生存期或总生存期。 宫颈癌@### 非妊娠IIB-IVA期：局部晚期宫颈癌 查看全部   首选 –   放化疗 #### 第一选择 [ 
宫颈癌,疾病,药物治疗,顺铂,药物,宫颈癌@已经表明，根治性子宫切除术后进行辅助放疗可增加治疗相关并发症的风险，并且不改善无疾病进展生存期或总生存期。 宫颈癌@### 非妊娠IIB-IVA期：局部晚期宫颈癌 查看全部   首选 –   放化疗 #### 第一选择 [ 
宫颈癌,疾病,药物治疗,羟基脲,药物,宫颈癌@已经表明，根治性子宫切除术后进行辅助放疗可增加治疗相关并发症的风险，并且不改善无疾病进展生存期或总生存期。 宫颈癌@### 非妊娠IIB-IVA期：局部晚期宫颈癌 查看全部   首选 –   放化疗 #### 第一选择 [ 
宫颈癌,疾病,药物治疗,氟尿嘧啶,药物,宫颈癌@已经表明，根治性子宫切除术后进行辅助放疗可增加治疗相关并发症的风险，并且不改善无疾病进展生存期或总生存期。 宫颈癌@### 非妊娠IIB-IVA期：局部晚期宫颈癌 查看全部   首选 –   放化疗 #### 第一选择 [ 
18-三体综合征,疾病,并发症,食管气管瘘,疾病,18-三体综合征@还可出现食管气管瘘。18-三体综合征@右肺异常分叶或缺如。
18-三体综合征,疾病,临床表现,右肺异常分叶或缺如,症状,18-三体综合征@还可出现食管气管瘘。18-三体综合征@右肺异常分叶或缺如。
非惊厥性 SE,疾病,临床表现,意识障碍,症状,癫痫持续状态@诊断非惊厥性 SE 很难，但是识别很重要，因为快速阻止有助于防止严重脑损伤，尤其对意识障碍的患者。
癫痫持续状态,疾病,相关（导致）,非惊厥性 SE,疾病,癫痫持续状态@诊断非惊厥性 SE 很难，但是识别很重要，因为快速阻止有助于防止严重脑损伤，尤其对意识障碍的患者。
胱氨酸病,疾病,相关（导致）,慢性TIN,疾病,在小儿时期慢性TIN还可由代谢病引起，如①胱氨酸病：见本章第四节。②草酸盐过度产生或小肠过度吸收，造成肾排出草酸盐增多，则肾小管内草酸钙结晶沉积，受累小管萎缩，周围炎症细胞浸润和纤维化。
慢性TIN,疾病,发病机制,草酸盐过度产生,社会学,在小儿时期慢性TIN还可由代谢病引起，如①胱氨酸病：见本章第四节。②草酸盐过度产生或小肠过度吸收，造成肾排出草酸盐增多，则肾小管内草酸钙结晶沉积，受累小管萎缩，周围炎症细胞浸润和纤维化。
慢性TIN,疾病,发病机制,肾排出草酸盐增多,社会学,在小儿时期慢性TIN还可由代谢病引起，如①胱氨酸病：见本章第四节。②草酸盐过度产生或小肠过度吸收，造成肾排出草酸盐增多，则肾小管内草酸钙结晶沉积，受累小管萎缩，周围炎症细胞浸润和纤维化。
慢性TIN,疾病,发病机制,肾小管内草酸钙结晶沉积,社会学,在小儿时期慢性TIN还可由代谢病引起，如①胱氨酸病：见本章第四节。②草酸盐过度产生或小肠过度吸收，造成肾排出草酸盐增多，则肾小管内草酸钙结晶沉积，受累小管萎缩，周围炎症细胞浸润和纤维化。
慢性TIN,疾病,病理生理,小肠过度吸收,社会学,在小儿时期慢性TIN还可由代谢病引起，如①胱氨酸病：见本章第四节。②草酸盐过度产生或小肠过度吸收，造成肾排出草酸盐增多，则肾小管内草酸钙结晶沉积，受累小管萎缩，周围炎症细胞浸润和纤维化。
慢性TIN,疾病,临床表现,受累小管萎缩,症状,在小儿时期慢性TIN还可由代谢病引起，如①胱氨酸病：见本章第四节。②草酸盐过度产生或小肠过度吸收，造成肾排出草酸盐增多，则肾小管内草酸钙结晶沉积，受累小管萎缩，周围炎症细胞浸润和纤维化。
慢性TIN,疾病,病理生理,周围炎症细胞浸润和纤维化,社会学,在小儿时期慢性TIN还可由代谢病引起，如①胱氨酸病：见本章第四节。②草酸盐过度产生或小肠过度吸收，造成肾排出草酸盐增多，则肾小管内草酸钙结晶沉积，受累小管萎缩，周围炎症细胞浸润和纤维化。
类癌危象,疾病,药物治疗,奥曲肽,药物,类癌综合征@患者还需要输注奥曲肽以防止类癌危象，应用时间是手术开始前至少 2 小时，直到手术后 48 小时。
类癌综合征,疾病,并发症,类癌危象,疾病,类癌综合征@患者还需要输注奥曲肽以防止类癌危象，应用时间是手术开始前至少 2 小时，直到手术后 48 小时。
PKU,疾病,筛查,新生儿筛查,检查,【实验室检查】 1.新生儿筛查 新生儿期的PKU患儿无任何临床表现，生后3个月后才渐渐出现PKU的表现。 6.脑电图 约80%病儿有脑电图异常，可表现为高峰节律紊乱及灶性棘波等。
PKU,疾病,辅助检查,脑电图,检查,【实验室检查】 1.新生儿筛查 新生儿期的PKU患儿无任何临床表现，生后3个月后才渐渐出现PKU的表现。 6.脑电图 约80%病儿有脑电图异常，可表现为高峰节律紊乱及灶性棘波等。
PKU,疾病,临床表现,脑电图异常,症状,【实验室检查】 1.新生儿筛查 新生儿期的PKU患儿无任何临床表现，生后3个月后才渐渐出现PKU的表现。 6.脑电图 约80%病儿有脑电图异常，可表现为高峰节律紊乱及灶性棘波等。
胸膜炎,疾病,临床表现,咳嗽,症状,初期即发生胸膜炎者，有咳嗽、胸闷，胸痛及上腹痛明显，可痰中带血。肺内囊肿、脓肿可穿破至胸腔，发生胸水、脓胸或脓气胸等体征。
胸膜炎,疾病,临床表现,胸闷,症状,初期即发生胸膜炎者，有咳嗽、胸闷，胸痛及上腹痛明显，可痰中带血。肺内囊肿、脓肿可穿破至胸腔，发生胸水、脓胸或脓气胸等体征。
胸膜炎,疾病,临床表现,胸痛,症状,初期即发生胸膜炎者，有咳嗽、胸闷，胸痛及上腹痛明显，可痰中带血。肺内囊肿、脓肿可穿破至胸腔，发生胸水、脓胸或脓气胸等体征。
胸膜炎,疾病,临床表现,上腹痛明显,症状,初期即发生胸膜炎者，有咳嗽、胸闷，胸痛及上腹痛明显，可痰中带血。肺内囊肿、脓肿可穿破至胸腔，发生胸水、脓胸或脓气胸等体征。
胸膜炎,疾病,临床表现,痰中带血,症状,初期即发生胸膜炎者，有咳嗽、胸闷，胸痛及上腹痛明显，可痰中带血。肺内囊肿、脓肿可穿破至胸腔，发生胸水、脓胸或脓气胸等体征。
胸膜炎,疾病,临床表现,肺内囊肿、脓肿可穿破至胸腔,症状,初期即发生胸膜炎者，有咳嗽、胸闷，胸痛及上腹痛明显，可痰中带血。肺内囊肿、脓肿可穿破至胸腔，发生胸水、脓胸或脓气胸等体征。
胸膜炎,疾病,相关（导致）,胸水,疾病,初期即发生胸膜炎者，有咳嗽、胸闷，胸痛及上腹痛明显，可痰中带血。肺内囊肿、脓肿可穿破至胸腔，发生胸水、脓胸或脓气胸等体征。
胸膜炎,疾病,相关（导致）,脓胸,疾病,初期即发生胸膜炎者，有咳嗽、胸闷，胸痛及上腹痛明显，可痰中带血。肺内囊肿、脓肿可穿破至胸腔，发生胸水、脓胸或脓气胸等体征。
胸膜炎,疾病,相关（导致）,脓气胸,疾病,初期即发生胸膜炎者，有咳嗽、胸闷，胸痛及上腹痛明显，可痰中带血。肺内囊肿、脓肿可穿破至胸腔，发生胸水、脓胸或脓气胸等体征。
高血压,疾病,多发群体,年龄偏大者,流行病学,高血压好发于年龄偏大者，成人占20%，儿童仅5%。
非小细胞肺癌,疾病,发病部位,肺部,部位,非小细胞肺癌@可经开胸术达到肺部，然而，微创手术（如胸腔镜手术）凭借其住院周期短和术后疼痛轻而越来越普遍。
非小细胞肺癌,疾病,手术治疗,胸腔镜手术,手术治疗,非小细胞肺癌@可经开胸术达到肺部，然而，微创手术（如胸腔镜手术）凭借其住院周期短和术后疼痛轻而越来越普遍。
非小细胞肺癌,疾病,手术治疗,开胸术,手术治疗,非小细胞肺癌@可经开胸术达到肺部，然而，微创手术（如胸腔镜手术）凭借其住院周期短和术后疼痛轻而越来越普遍。
B族链球菌感染,疾病,相关（导致）,癫痫,疾病,B族链球菌感染@ ### 癫痫发作 | 短期 | 低 可见于 B族链球菌感染性脑膜患者，应给予苯二氮卓类或抗惊厥药物治疗。
癫痫,疾病,药物治疗,苯二氮卓类,药物,B族链球菌感染@ ### 癫痫发作 | 短期 | 低 可见于 B族链球菌感染性脑膜患者，应给予苯二氮卓类或抗惊厥药物治疗。
癫痫,疾病,药物治疗,抗惊厥药物,药物,B族链球菌感染@ ### 癫痫发作 | 短期 | 低 可见于 B族链球菌感染性脑膜患者，应给予苯二氮卓类或抗惊厥药物治疗。
磨牙症,疾病,辅助治疗,张大嘴巴伸展颌肌,其他治疗,磨牙症@例如，通过张大嘴巴伸展颌肌，每日一次或两次，每次重复 10 遍，可对缓解症状有所助益。
基底细胞癌,疾病,手术治疗,Mohs手术,手术治疗,基底细胞癌@合理应用Mohs手术进行治疗的复发率很低（2%至5%），并且除了可以应用在影响美观的部位，Mohs手术也考虑作为大的硬斑病型基底细胞癌，或边界不清的基底细胞癌的治疗手段。
基底细胞癌,疾病,发病率,2%至5%,流行病学,基底细胞癌@合理应用Mohs手术进行治疗的复发率很低（2%至5%），并且除了可以应用在影响美观的部位，Mohs手术也考虑作为大的硬斑病型基底细胞癌，或边界不清的基底细胞癌的治疗手段。
大的硬斑病型基底细胞癌,疾病,手术治疗,Mohs手术,手术治疗,基底细胞癌@合理应用Mohs手术进行治疗的复发率很低（2%至5%），并且除了可以应用在影响美观的部位，Mohs手术也考虑作为大的硬斑病型基底细胞癌，或边界不清的基底细胞癌的治疗手段。
边界不清的基底细胞癌,疾病,手术治疗,Mohs手术,手术治疗,基底细胞癌@合理应用Mohs手术进行治疗的复发率很低（2%至5%），并且除了可以应用在影响美观的部位，Mohs手术也考虑作为大的硬斑病型基底细胞癌，或边界不清的基底细胞癌的治疗手段。
基底细胞癌,疾病,病理分型,大的硬斑病型基底细胞癌,疾病,基底细胞癌@合理应用Mohs手术进行治疗的复发率很低（2%至5%），并且除了可以应用在影响美观的部位，Mohs手术也考虑作为大的硬斑病型基底细胞癌，或边界不清的基底细胞癌的治疗手段。
基底细胞癌,疾病,病理分型,边界不清的基底细胞癌,疾病,基底细胞癌@合理应用Mohs手术进行治疗的复发率很低（2%至5%），并且除了可以应用在影响美观的部位，Mohs手术也考虑作为大的硬斑病型基底细胞癌，或边界不清的基底细胞癌的治疗手段。
大动脉炎,疾病,影像学检查,胸部X线片,检查,大动脉炎@ 胸部X线片可显示主动脉钙化或主动脉增宽，超声波检查可显示周围动脉或主动脉等狭窄部位及程度，动脉造影和MRI可显示狭窄或扩张的部位及程度，以及血流减少的程度。
大动脉炎,疾病,相关（导致）,主动脉钙化,疾病,大动脉炎@ 胸部X线片可显示主动脉钙化或主动脉增宽，超声波检查可显示周围动脉或主动脉等狭窄部位及程度，动脉造影和MRI可显示狭窄或扩张的部位及程度，以及血流减少的程度。
大动脉炎,疾病,临床表现,主动脉增宽,症状,大动脉炎@ 胸部X线片可显示主动脉钙化或主动脉增宽，超声波检查可显示周围动脉或主动脉等狭窄部位及程度，动脉造影和MRI可显示狭窄或扩张的部位及程度，以及血流减少的程度。
大动脉炎,疾病,影像学检查,动脉造影,检查,大动脉炎@ 胸部X线片可显示主动脉钙化或主动脉增宽，超声波检查可显示周围动脉或主动脉等狭窄部位及程度，动脉造影和MRI可显示狭窄或扩张的部位及程度，以及血流减少的程度。
大动脉炎,疾病,影像学检查,MRI,检查,大动脉炎@ 胸部X线片可显示主动脉钙化或主动脉增宽，超声波检查可显示周围动脉或主动脉等狭窄部位及程度，动脉造影和MRI可显示狭窄或扩张的部位及程度，以及血流减少的程度。
大动脉炎,疾病,影像学检查,超声波,检查,大动脉炎@ 胸部X线片可显示主动脉钙化或主动脉增宽，超声波检查可显示周围动脉或主动脉等狭窄部位及程度，动脉造影和MRI可显示狭窄或扩张的部位及程度，以及血流减少的程度。
GER,疾病,药物治疗,促胃肠动力药,药物,【治疗】 凡诊断为GER的患儿，特别是有合并症或影响生长发育者必须及时进行治疗。 促胃肠动力药(prokinetic agents):疗程4周。
prokinetic agents,药物,同义词,促胃肠动力药,药物,【治疗】 凡诊断为GER的患儿，特别是有合并症或影响生长发育者必须及时进行治疗。 促胃肠动力药(prokinetic agents):疗程4周。
GER,疾病,临床表现,影响生长发育,症状,【治疗】 凡诊断为GER的患儿，特别是有合并症或影响生长发育者必须及时进行治疗。 促胃肠动力药(prokinetic agents):疗程4周。
急性阑尾炎,疾病,辅助治疗,静脉输液,其他治疗,急性阑尾炎@应当开始静脉输液，例如给予乳酸林格氏液。 急性阑尾炎@不应延误实施阑尾切除术。
急性阑尾炎,疾病,手术治疗,阑尾切除术,手术治疗,急性阑尾炎@应当开始静脉输液，例如给予乳酸林格氏液。 急性阑尾炎@不应延误实施阑尾切除术。
急性阑尾炎,疾病,药物治疗,乳酸林格氏液,药物,急性阑尾炎@应当开始静脉输液，例如给予乳酸林格氏液。 急性阑尾炎@不应延误实施阑尾切除术。
类风湿关节炎,疾病,药物治疗,泼尼松龙,药物,类风湿关节炎@常用的治疗方案为每日口服小剂量泼尼松龙（≤5mg），每日剂量很少需要超过10mg。
JIA,疾病,发病率,15%,流行病学,而在JIA总体阳性率不足15%，主要出现在多关节型JIA之中，RF阴性并不能除外诊断JIA。 2.隐匿性IgM型类风湿因子（HIgM-RF） 有发现HIgM-RF在JIA中有较高的检出率（71. 4%），其中多关节型阳性率为80. 0%，少
JIA,疾病,病理分型,多关节型JIA,疾病,而在JIA总体阳性率不足15%，主要出现在多关节型JIA之中，RF阴性并不能除外诊断JIA。 2.隐匿性IgM型类风湿因子（HIgM-RF） 有发现HIgM-RF在JIA中有较高的检出率（71. 4%），其中多关节型阳性率为80. 0%，少
JIA,疾病,病理分型,少关节型,疾病,而在JIA总体阳性率不足15%，主要出现在多关节型JIA之中，RF阴性并不能除外诊断JIA。 2.隐匿性IgM型类风湿因子（HIgM-RF） 有发现HIgM-RF在JIA中有较高的检出率（71. 4%），其中多关节型阳性率为80. 0%，少
JIA,疾病,病理分型,全身型,疾病,而在JIA总体阳性率不足15%，主要出现在多关节型JIA之中，RF阴性并不能除外诊断JIA。 2.隐匿性IgM型类风湿因子（HIgM-RF） 有发现HIgM-RF在JIA中有较高的检出率（71. 4%），其中多关节型阳性率为80. 0%，少
JIA,疾病,病因,隐匿性IgM型类风湿因子,社会学,而在JIA总体阳性率不足15%，主要出现在多关节型JIA之中，RF阴性并不能除外诊断JIA。 2.隐匿性IgM型类风湿因子（HIgM-RF） 有发现HIgM-RF在JIA中有较高的检出率（71. 4%），其中多关节型阳性率为80. 0%，少
多关节型,疾病,发病率,80. 0%,流行病学,而在JIA总体阳性率不足15%，主要出现在多关节型JIA之中，RF阴性并不能除外诊断JIA。 2.隐匿性IgM型类风湿因子（HIgM-RF） 有发现HIgM-RF在JIA中有较高的检出率（71. 4%），其中多关节型阳性率为80. 0%，少
少关节型,疾病,发病率,71. 4%,流行病学,而在JIA总体阳性率不足15%，主要出现在多关节型JIA之中，RF阴性并不能除外诊断JIA。 2.隐匿性IgM型类风湿因子（HIgM-RF） 有发现HIgM-RF在JIA中有较高的检出率（71. 4%），其中多关节型阳性率为80. 0%，少
全身型,疾病,发病率,58. 8%,流行病学,而在JIA总体阳性率不足15%，主要出现在多关节型JIA之中，RF阴性并不能除外诊断JIA。 2.隐匿性IgM型类风湿因子（HIgM-RF） 有发现HIgM-RF在JIA中有较高的检出率（71. 4%），其中多关节型阳性率为80. 0%，少
隐匿性IgM型类风湿因子,社会学,同义词,HIgM-RF,社会学,而在JIA总体阳性率不足15%，主要出现在多关节型JIA之中，RF阴性并不能除外诊断JIA。 2.隐匿性IgM型类风湿因子（HIgM-RF） 有发现HIgM-RF在JIA中有较高的检出率（71. 4%），其中多关节型阳性率为80. 0%，少
肾上腺功能不全,疾病,药物治疗,葡萄糖,药物,如病人有肾上腺功能不全，常需要葡萄糖、钾及肾上腺皮质激素的补充。
肾上腺功能不全,疾病,药物治疗,钾,药物,如病人有肾上腺功能不全，常需要葡萄糖、钾及肾上腺皮质激素的补充。
肾上腺功能不全,疾病,药物治疗,肾上腺皮质激素,药物,如病人有肾上腺功能不全，常需要葡萄糖、钾及肾上腺皮质激素的补充。
单纯型膨出,疾病,鉴别诊断,异位型输尿管膨出,疾病,单纯型膨出在其基底部做一横行切口，约0. 5～0. 8cm左右即可；异位型输尿管膨出则在其最下端纵行切开0. 5～0. 8cm。如效果不满意或出现反流，应做膨出切除及抗反流性输尿管膀胱再吻合术，并同时修复输尿管膨出后侧薄弱的膀胱壁。
异位型输尿管膨出,疾病,手术治疗,膨出切除,手术治疗,单纯型膨出在其基底部做一横行切口，约0. 5～0. 8cm左右即可；异位型输尿管膨出则在其最下端纵行切开0. 5～0. 8cm。如效果不满意或出现反流，应做膨出切除及抗反流性输尿管膀胱再吻合术，并同时修复输尿管膨出后侧薄弱的膀胱壁。
异位型输尿管膨出,疾病,手术治疗,抗反流性输尿管膀胱再吻合术,手术治疗,单纯型膨出在其基底部做一横行切口，约0. 5～0. 8cm左右即可；异位型输尿管膨出则在其最下端纵行切开0. 5～0. 8cm。如效果不满意或出现反流，应做膨出切除及抗反流性输尿管膀胱再吻合术，并同时修复输尿管膨出后侧薄弱的膀胱壁。
异位型输尿管膨出,疾病,治疗后症状,反流,症状,单纯型膨出在其基底部做一横行切口，约0. 5～0. 8cm左右即可；异位型输尿管膨出则在其最下端纵行切开0. 5～0. 8cm。如效果不满意或出现反流，应做膨出切除及抗反流性输尿管膀胱再吻合术，并同时修复输尿管膨出后侧薄弱的膀胱壁。
异位型输尿管膨出,疾病,辅助治疗,修复输尿管膨出后侧薄弱的膀胱壁,其他治疗,单纯型膨出在其基底部做一横行切口，约0. 5～0. 8cm左右即可；异位型输尿管膨出则在其最下端纵行切开0. 5～0. 8cm。如效果不满意或出现反流，应做膨出切除及抗反流性输尿管膀胱再吻合术，并同时修复输尿管膨出后侧薄弱的膀胱壁。
遗传性胰腺炎,疾病,发病年龄,5～10岁,流行病学,遗传性胰腺炎起病年龄多见于5～10岁。CT或超声检查显示缩小的、钙化胰腺伴导管扩张。
遗传性胰腺炎,疾病,影像学检查,CT,检查,遗传性胰腺炎起病年龄多见于5～10岁。CT或超声检查显示缩小的、钙化胰腺伴导管扩张。
遗传性胰腺炎,疾病,影像学检查,超声,检查,遗传性胰腺炎起病年龄多见于5～10岁。CT或超声检查显示缩小的、钙化胰腺伴导管扩张。
遗传性胰腺炎,疾病,临床表现,缩小的、钙化胰腺伴导管扩张,症状,遗传性胰腺炎起病年龄多见于5～10岁。CT或超声检查显示缩小的、钙化胰腺伴导管扩张。
右室双出口,疾病,并发症,室间隔缺损,疾病,绝大多数的右室双出口伴有室间隔缺损，室间隔缺损可以是膜周型、肌部、远离大动脉或双动脉下。
室间隔缺损,疾病,病理分型,膜周型,疾病,绝大多数的右室双出口伴有室间隔缺损，室间隔缺损可以是膜周型、肌部、远离大动脉或双动脉下。
室间隔缺损,疾病,发病部位,肌部,部位,绝大多数的右室双出口伴有室间隔缺损，室间隔缺损可以是膜周型、肌部、远离大动脉或双动脉下。
